,Y_imputed_bayesian,Y_imputed_xgb,Y
0,0.5180849175255011,-0.06134331598877907,0.6974862448678623
1,2.2453163351427166,0.5769511461257935,3.2998473750703927
2,2.164140932940143,0.3201170861721039,1.920037521106753
3,5.14950483105631,1.165246844291687,4.1998272290832945
4,-2.9176301967017264,-2.9176301967017264,-2.9176301967017264
5,-0.8851537835577373,-0.8851537835577373,-0.8851537835577373
6,5.760780180048812,0.34525322914123535,4.640352441153201
7,-4.280157103414983,-4.280157103414983,-4.280157103414983
8,0.1702506417477671,0.1702506417477671,0.1702506417477671
9,-0.4382011065208851,-0.4382011065208851,-0.4382011065208851
10,-0.4992722858165911,-0.4992722858165911,-0.4992722858165911
11,2.9364580170804837,0.4556563198566437,3.0632183638072177
12,0.010315261712923518,0.010315261712923518,0.010315261712923518
13,2.6106502361498776,0.3305939733982086,1.242989557728569
14,-0.1232522037447557,-0.7571139931678772,0.4376294701027704
15,-0.6874435862785138,-0.6874435862785138,-0.6874435862785138
16,-4.779667277285119,-4.779667277285119,-4.779667277285119
17,-2.5421490564506413,-2.5421490564506413,-2.5421490564506413
18,-4.104124422122412,-4.104124422122412,-4.104124422122412
19,-0.927483517871419,-0.927483517871419,-0.927483517871419
20,6.5139880736109355,0.6527073383331299,5.359535605645648
21,-0.49713378304538663,-0.49713378304538663,-0.49713378304538663
22,-3.2253247552832804,-3.2253247552832804,-3.2253247552832804
23,1.6858441343350048,-0.4590321183204651,1.4730623611101488
24,-6.282106967151878,-6.282106967151878,-6.282106967151878
25,1.9684173440875323,-0.32825881242752075,1.5351388849686136
26,-1.2599460206900828,-1.2599460206900828,-1.2599460206900828
27,-0.9710275884807187,-0.9710275884807187,-0.9710275884807187
28,2.0060900472708627,-0.4295805096626282,1.7587952000772935
29,3.458684825906187,0.17074444890022278,1.8747740590828164
30,8.600545657416182,1.5549999475479126,6.159958691348965
31,-0.7792178587308657,-0.7792178587308657,-0.7792178587308657
32,0.6051543703497252,-0.09721142053604126,0.3429751546773027
33,2.5459737403885736,-0.09381931275129318,2.13947229084645
34,-1.51190404813813,-1.51190404813813,-1.51190404813813
35,2.633055294693812,0.441412091255188,1.8959919717510707
36,-0.4248030428470224,-0.7753220796585083,-0.49228733720378315
37,0.4671177364740047,-0.2728979289531708,0.7538273962678783
38,1.7560608023939235,-0.1737668365240097,1.8337486104145895
39,4.614281369449978,0.8385244011878967,3.578753773922801
40,-0.6275102088775335,-0.6275102088775335,-0.6275102088775335
41,-1.6759089184040963,-1.6759089184040963,-1.6759089184040963
42,-1.7383355997980954,-1.7383355997980954,-1.7383355997980954
43,-2.9180965284988627,-2.9180965284988627,-2.9180965284988627
44,0.9155105546518545,0.1490640491247177,1.7534328611436596
45,4.932817941107761,0.590384304523468,4.631846753024608
46,-0.6143794546513992,-2.48164701461792,-0.22277499038636095
47,3.7081813308114464,0.9606143832206726,2.575771977742287
48,4.066627250710315,0.3143715560436249,2.8089895098880486
49,-1.9972629283242433,-1.9972629283242433,-1.9972629283242433
50,-1.347577592264928,-1.347577592264928,-1.347577592264928
51,-1.4870918023116373,-1.4870918023116373,-1.4870918023116373
52,-3.611063055818082,-3.611063055818082,-3.611063055818082
53,5.286025990267694,0.7544481158256531,5.303096843963477
54,-3.8663087164713366,-3.8663087164713366,-3.8663087164713366
55,3.6522334743498783,0.44005751609802246,2.745777998739209
56,2.6528538972618043,0.5273829698562622,1.8153207825844255
57,3.3903818105068653,0.24649487435817719,3.410698690387532
58,-6.793742854214801,-6.793742854214801,-6.793742854214801
59,-0.1354888208647842,-0.1354888208647842,-0.1354888208647842
60,1.7331745484877366,-0.11894448101520538,2.2439708667236857
61,-4.501407968781406,-4.501407968781406,-4.501407968781406
62,-2.5639169836814704,-2.5639169836814704,-2.5639169836814704
63,-2.6659102659808998,-2.6659102659808998,-2.6659102659808998
64,-1.1274869288876093,-1.1274869288876093,-1.1274869288876093
65,3.704143701733531,0.38640689849853516,3.8012522624859355
66,4.606454096939698,0.756363034248352,4.259691948730368
67,-1.4327753338195997,-1.4327753338195997,-1.4327753338195997
68,1.2572546210860738,-0.23632605373859406,0.818909896401263
69,6.0505965116003235,1.1054197549819946,5.3202680725942395
70,3.4240235788181352,0.21670983731746674,3.3138240150138403
71,5.389064059768279,0.8967099785804749,4.648768994458627
72,-0.15322007675370752,-0.15322007675370752,-0.15322007675370752
73,4.714135654187631,1.2060317993164062,3.4889172584163703
74,2.5778433191882053,-0.5302555561065674,2.4001944944862563
75,-1.1838804247598087,-1.1838804247598087,-1.1838804247598087
76,-3.9464775966662105,-3.9464775966662105,-3.9464775966662105
77,-2.1162989778707217,-2.1162989778707217,-2.1162989778707217
78,1.5580698499028407,0.3020661175251007,2.9160876112600294
79,0.412829866019383,-0.182109996676445,1.063996758123785
80,1.810223558624825,-0.19144737720489502,0.6882936088663671
81,1.8402495495513507,-0.5570864677429199,1.6256498697029718
82,0.382259291913956,-0.16793692111968994,0.6783056966646253
83,4.221634152268011,-0.14845439791679382,4.534438619958541
84,-3.0325331552810897,-3.0325331552810897,-3.0325331552810897
85,-1.9312789729332405,-1.9312789729332405,-1.9312789729332405
86,-3.7913163358942903,-3.7913163358942903,-3.7913163358942903
87,-9.273712152202606,-9.273712152202606,-9.273712152202606
88,4.097281269201423,0.23698574304580688,3.877160472570344
89,2.3303510157890215,-0.6331023573875427,3.3665715107423826
90,0.5178232207226905,-0.23885127902030945,1.0448269393959766
91,-2.476439239930549,-2.476439239930549,-2.476439239930549
92,4.041733432969252,1.3457214832305908,2.0572826232189554
93,0.8230973815806374,-0.32040494680404663,1.922458302036384
94,-5.265749308739463,-5.265749308739463,-5.265749308739463
95,-2.7785055253736286,-2.7785055253736286,-2.7785055253736286
96,3.541465192524062,0.3553655743598938,2.7848209568358397
97,-5.279282799725055,-5.279282799725055,-5.279282799725055
98,-2.7262282753080513,-2.7262282753080513,-2.7262282753080513
99,-3.0786590721856157,-3.0786590721856157,-3.0786590721856157
100,1.4159059901121598,-0.5480048060417175,1.4330030042852655
101,-1.5192340645974702,-1.5192340645974702,-1.5192340645974702
102,-0.3781993447926736,-0.3781993447926736,-0.3781993447926736
103,3.0403271210785765,0.13379888236522675,2.1878716495580566
104,-0.5120149020602562,-0.5120149020602562,-0.5120149020602562
105,2.041410762540584,0.34819310903549194,2.250287257302075
106,6.762961783825984,0.7618248462677002,6.142094106528817
107,-0.6101780464494653,-1.02724027633667,0.3241207938703659
108,1.0155726957361153,-0.5855712890625,1.1501261166928178
109,-8.006781561639457,-8.006781561639457,-8.006781561639457
110,2.3354744630735107,-0.07722782343626022,1.4277465597278036
111,3.0997098996236696,0.7893399596214294,2.529556730618459
112,2.009914964466121,0.06265828013420105,2.74475068275993
113,-1.2744678930601985,-1.2744678930601985,-1.2744678930601985
114,-0.7764803424770319,-1.6826211214065552,0.1368576737209994
115,0.7615390398593425,-0.6950070261955261,1.7256729529394632
116,-1.4759855441341778,-1.4759855441341778,-1.4759855441341778
117,1.067141282975447,-0.26888325810432434,1.5936386430081415
118,-2.3178053618291843,-2.3178053618291843,-2.3178053618291843
119,-0.3242382517782778,-0.2157772034406662,0.7893807965310041
120,3.173996361538251,0.8783890008926392,2.4568804062465817
121,4.990922009124967,1.2174787521362305,3.371743179192134
122,-0.5600611208477559,-0.5600611208477559,-0.5600611208477559
123,2.9567148968111496,0.8044813275337219,2.613579044854798
124,0.5374243834624646,-1.1577485799789429,0.8271917567412459
125,-4.7189855995435,-4.7189855995435,-4.7189855995435
126,3.722848296084559,0.26457950472831726,3.470768963692132
127,1.9454532382045722,0.5549504160881042,2.2657014954376478
128,-4.409481832734398,-4.409481832734398,-4.409481832734398
129,-2.4302113675345662,-2.4302113675345662,-2.4302113675345662
130,6.472455576477087,0.7208540439605713,4.966292657890142
131,1.2319783129152864,-0.2887405753135681,1.9316265570661373
132,-0.44922261622129467,-0.44922261622129467,-0.44922261622129467
133,1.726105511621402,0.16590698063373566,1.070158124072473
134,0.019477311040588696,-0.41705214977264404,0.16922811129236254
135,-3.528395805566294,-3.528395805566294,-3.528395805566294
136,0.5231149947799297,-0.4507545530796051,0.6128315277479253
137,1.4861946013589045,0.22310839593410492,0.394429655780975
138,2.4718275885278973,0.2697955071926117,1.4988675947951686
139,-1.2964960577838682,-1.2964960577838682,-1.2964960577838682
140,-0.9590862723018571,-0.9590862723018571,-0.9590862723018571
141,-1.1960967591140215,-1.1960967591140215,-1.1960967591140215
142,-0.5590034617192294,-0.5590034617192294,-0.5590034617192294
143,-1.4618904621492081,-1.4618904621492081,-1.4618904621492081
144,-0.8143703717082247,-0.8374686241149902,0.06025226876143215
145,4.3695616960700985,0.1878192275762558,3.66630806289553
146,-1.4470516399317042,-1.4470516399317042,-1.4470516399317042
147,3.054191129050945,0.02859453484416008,3.532122017938735
148,-0.9788117433566451,-0.9788117433566451,-0.9788117433566451
149,-3.99820627993151,-3.99820627993151,-3.99820627993151
150,3.4916436205501875,0.4015238881111145,4.2728922163798675
151,3.0583965677117653,0.43431365489959717,2.0929915852064345
152,-1.5597777021191357,-1.5597777021191357,-1.5597777021191357
153,2.4521272010219763,-0.21489542722702026,3.562031048045219
154,6.063269593971059,0.8116546273231506,4.951249415862053
155,4.028071734086611,0.45466485619544983,3.491436113282755
156,0.04958610350346071,-0.7656222581863403,0.6760383849558245
157,1.4191365980591768,0.2646370828151703,1.0255957465970342
158,3.9313395055002744,0.9529475569725037,3.7453125724728693
159,-3.5071669371424874,-3.5071669371424874,-3.5071669371424874
160,0.6060551795703812,0.6060551795703812,0.6060551795703812
161,-2.215391032209988,-2.215391032209988,-2.215391032209988
162,-4.984355631771533,-4.984355631771533,-4.984355631771533
163,3.039727581210376,0.4744161367416382,2.352856503618802
164,-2.7585915510994976,-2.7585915510994976,-2.7585915510994976
165,0.765599885055202,0.2562502324581146,0.8771808347345367
166,-1.171362958749722,-1.171362958749722,-1.171362958749722
167,-0.5906205449055044,-0.5906205449055044,-0.5906205449055044
168,-6.972980285607716,-6.972980285607716,-6.972980285607716
169,4.276956325457681,0.8294170498847961,4.020283522596622
170,2.1005528385043384,0.04840308427810669,2.495829386270013
171,0.9795293503073232,0.9795293503073232,0.9795293503073232
172,-0.5763984230884982,-0.5763984230884982,-0.5763984230884982
173,-0.006770854361791034,-1.6094987392425537,0.6318255546180065
174,0.7765196926639131,-0.4273887872695923,0.2480729849957162
175,7.657565533033704,0.8737598657608032,5.408919115073822
176,-0.20596222212040582,-0.50795978307724,-0.04807743794750411
177,0.27100776396565185,-0.19989047944545746,0.14672206698804025
178,-0.42066721604409657,-0.42066721604409657,-0.42066721604409657
179,-2.4659099613866906,-2.4659099613866906,-2.4659099613866906
180,1.644799994471673,0.11956189572811127,2.423761093575154
181,0.07053465816656879,0.07053465816656879,0.07053465816656879
182,-2.2525580609876563,-2.2525580609876563,-2.2525580609876563
183,2.200613998474397,-0.009608697146177292,2.230110031042306
184,-3.9241832684863573,-3.9241832684863573,-3.9241832684863573
185,-1.2104121546980504,-1.2104121546980504,-1.2104121546980504
186,-5.587656601868201,-5.587656601868201,-5.587656601868201
187,-0.24469689977282427,-0.3958897590637207,0.7765090467066755
188,2.097441179001837,-0.0145177086815238,2.4250218587349965
189,-1.8682968428176525,-1.8682968428176525,-1.8682968428176525
190,0.44557256143645385,-0.374622642993927,0.8114169709232133
191,0.6657166026454929,-0.3401947319507599,1.3023993986010787
192,-0.07206761879599688,-0.8299243450164795,0.7358873184004925
193,-0.817613463475131,-0.817613463475131,-0.817613463475131
194,0.48002852512381233,0.48002852512381233,0.48002852512381233
195,-0.39890552612289765,-0.39890552612289765,-0.39890552612289765
196,-9.779186402623688,-9.779186402623688,-9.779186402623688
197,0.6510527699935865,-0.4200376868247986,0.988910913521729
198,2.7665651829094347,0.6521197557449341,2.6387335427368113
199,-2.4749402147419115,-2.4749402147419115,-2.4749402147419115
200,0.4752818775580323,-0.09566916525363922,0.653709126294985
201,2.6545129741538074,-0.24775752425193787,2.86188393839735
202,1.0641323054384575,0.02607674151659012,1.2211910970571718
203,-1.6928505441619817,-1.6928505441619817,-1.6928505441619817
204,0.045759418018985365,-1.0008065700531006,0.058174741763032584
205,4.831356015067913,0.30250000953674316,4.444719980732166
206,-2.2084726566339765,-2.2084726566339765,-2.2084726566339765
207,1.914973929089995,-0.215147465467453,1.9146958052723448
208,-2.0061735265967653,-2.0061735265967653,-2.0061735265967653
209,0.8212237868853545,0.07546111196279526,0.4399831588204084
210,0.3951431561127334,0.3951431561127334,0.3951431561127334
211,-0.08506929432115094,-0.08506929432115094,-0.08506929432115094
212,1.3767739988342673,-0.12778259813785553,1.7299549795879898
213,-4.045957247768612,-4.045957247768612,-4.045957247768612
214,-2.5469844597149374,-2.5469844597149374,-2.5469844597149374
215,-0.29887181350669095,-0.29887181350669095,-0.29887181350669095
216,5.496561528941289,0.7558504343032837,3.6260789889254266
217,-0.7653026962393515,-0.7653026962393515,-0.7653026962393515
218,-3.0511271619926137,-3.0511271619926137,-3.0511271619926137
219,1.791665115937664,0.28951025009155273,1.1856857353081074
220,0.529718555998384,-0.24981336295604706,1.4248999638139481
221,-3.111128087440363,-3.111128087440363,-3.111128087440363
222,4.093160805677686,0.5688480734825134,3.900055839400358
223,-2.9831990160565165,-2.9831990160565165,-2.9831990160565165
224,2.6967308508285908,0.6902899146080017,2.592762715137554
225,2.4302443464289283,0.3799770772457123,1.2931278189073394
226,2.8006101680358526,0.575768768787384,2.402905376366966
227,3.393481696837162,0.12464377284049988,3.257947102478091
228,-3.729858022312658,-3.729858022312658,-3.729858022312658
229,2.978459800591121,0.6394598484039307,1.87393010870815
230,-3.140838216793116,-3.140838216793116,-3.140838216793116
231,-2.315605358750847,-2.315605358750847,-2.315605358750847
232,-2.658407792906195,-2.658407792906195,-2.658407792906195
233,-10.116502558706825,-10.116502558706825,-10.116502558706825
234,-1.5348627252479023,-1.5348627252479023,-1.5348627252479023
235,1.2160996646677271,0.17522171139717102,0.8180655078120415
236,-1.9278680844452252,-1.9278680844452252,-1.9278680844452252
237,-1.9125079644974157,-1.9125079644974157,-1.9125079644974157
238,2.855452802626892,0.609988808631897,2.069704334968872
239,0.04968429245423245,-0.47450342774391174,0.5339762274399521
240,-1.378393985669339,-1.378393985669339,-1.378393985669339
241,0.7085629010265326,-0.43809187412261963,0.8448620418939177
242,-0.3658652413841985,-0.6747058629989624,-0.17545812605803157
243,3.2500139691197294,0.043285492807626724,2.939243786894901
244,0.4204862213101368,-0.6738634705543518,0.26046887549673237
245,0.9553169552892995,-0.23785191774368286,0.8648585834663609
246,6.179664096931759,0.958013117313385,5.249952882071898
247,-0.3189651245186742,-0.3189651245186742,-0.3189651245186742
248,0.4159317722623378,-0.4369732439517975,-0.08484126225177341
249,-2.8406729159620947,-2.8406729159620947,-2.8406729159620947
250,0.7634903838920717,0.3136178255081177,1.3242536229968906
251,-1.971013035332621,-1.971013035332621,-1.971013035332621
252,3.3690917099462463,0.41775748133659363,2.661843405060432
253,0.5840381130914089,-0.31624436378479004,0.2660812786494343
254,2.3591042980552284,0.20182372629642487,1.4183991309682535
255,4.479896267986707,0.8522685766220093,3.6539699199398017
256,0.5403312084667145,-0.1127467229962349,0.9190321431807827
257,-2.2869576403092537,-2.2869576403092537,-2.2869576403092537
258,5.8792973779208,0.8612233400344849,5.417063791077428
259,-0.5646273889986416,-0.8642880916595459,-0.05653606421137769
260,-3.7442342049954114,-3.7442342049954114,-3.7442342049954114
261,2.8633199998370644,0.38763636350631714,2.319023463594878
262,-1.477713731162932,-1.477713731162932,-1.477713731162932
263,3.924755904886998,0.8029167056083679,3.171698561791352
264,2.7728950896170663,0.7243613600730896,2.163594425024966
265,-0.7699231812059494,-0.7699231812059494,-0.7699231812059494
266,-0.38590158942411895,-0.38590158942411895,-0.38590158942411895
267,-4.741346942833249,-4.741346942833249,-4.741346942833249
268,-2.8212283933692643,-2.8212283933692643,-2.8212283933692643
269,-0.09415792714883797,-0.09415792714883797,-0.09415792714883797
270,-2.2659430519782036,-2.2659430519782036,-2.2659430519782036
271,-1.4393188545238627,-1.4393188545238627,-1.4393188545238627
272,-3.2302426179928614,-3.2302426179928614,-3.2302426179928614
273,-3.413629899166407,-3.413629899166407,-3.413629899166407
274,-7.394472940994642,-7.394472940994642,-7.394472940994642
275,-1.9788551320124632,-1.9788551320124632,-1.9788551320124632
276,-4.643152194827194,-4.643152194827194,-4.643152194827194
277,2.7910468991710626,0.12785480916500092,1.8869752377701394
278,-1.5961275656935672,-1.5961275656935672,-1.5961275656935672
279,0.2812519505937529,0.2812519505937529,0.2812519505937529
280,-0.3368006114070079,-0.829345166683197,0.185783958627392
281,0.5906853216080356,-0.36679327487945557,0.512571953816179
282,-6.935188536086764,-6.935188536086764,-6.935188536086764
283,2.9531081209453,0.7783551216125488,2.0586792174658486
284,1.8777501588268044,0.3858259618282318,1.8286715486840228
285,2.295131501621758,0.17108012735843658,1.588629530154085
286,4.643000665066703,0.1838414967060089,3.8781608565481025
287,1.9974548848052764,0.2583026885986328,1.8336467910833942
288,6.581151520504257,0.4410654306411743,5.274311254828708
289,1.6986975624927165,0.32090625166893005,1.7726062371135825
290,5.972967828935678,-0.18620744347572327,6.146670519605805
291,-2.650921791333433,-2.650921791333433,-2.650921791333433
292,2.192310147410571,-0.11132658272981644,1.6476148005310918
293,-0.06109979641733898,-0.06109979641733898,-0.06109979641733898
294,1.5560320326217103,-0.05330486595630646,0.9530658605251643
295,-2.788912228719569,-2.788912228719569,-2.788912228719569
296,0.45412246452345384,-1.618789553642273,0.7016309977998143
297,-3.0709685595807046,-3.0709685595807046,-3.0709685595807046
298,-0.6166021920686433,-0.7854163646697998,-0.1763008900561333
299,-1.0952267641809614,-1.0952267641809614,-1.0952267641809614
300,-0.21510895952367376,-0.21510895952367376,-0.21510895952367376
301,1.0363053630467038,0.2587953507900238,1.1671173557530712
302,-2.509110641772043,-2.509110641772043,-2.509110641772043
303,1.4299408172986017,0.1607963591814041,0.6846411816391703
304,0.7522360082200759,-0.41988271474838257,0.8523397961715656
305,0.08629122207796922,0.08629122207796922,0.08629122207796922
306,-2.982162398627717,-2.982162398627717,-2.982162398627717
307,0.37968509386508753,-0.5804553627967834,0.3343995110188207
308,-0.1432948140301541,-0.1432948140301541,-0.1432948140301541
309,-1.1039271191416302,-1.1039271191416302,-1.1039271191416302
310,1.7786127947915715,-0.14540612697601318,1.376684307452631
311,3.1968215898142325,0.712454080581665,3.1472005675403434
312,8.999013423996919,1.3245567083358765,6.1516118582297805
313,-2.488433893722243,-2.488433893722243,-2.488433893722243
314,-2.2397194163309475,-2.2397194163309475,-2.2397194163309475
315,1.8670865395237735,0.04334032163023949,1.7600706755514066
316,0.7665683712674638,-0.711195707321167,0.023560247822768873
317,0.19948918829103712,-0.34644535183906555,0.958578310968332
318,-0.7358768901957872,-0.7358768901957872,-0.7358768901957872
319,2.1237229056579032,-0.37540701031684875,2.129866557224055
320,3.5854904547248045,-0.473798930644989,3.398193152928973
321,-1.2854185699716196,-1.2854185699716196,-1.2854185699716196
322,0.10443948652121293,-0.11121776700019836,0.34246919443540336
323,-1.5223052998345172,-1.5223052998345172,-1.5223052998345172
324,-0.3734445350281538,-0.3734445350281538,-0.3734445350281538
325,-1.0123915341731136,-1.0123915341731136,-1.0123915341731136
326,1.4345867298349675,0.32998692989349365,0.9685557122551964
327,-4.357592860913525,-4.357592860913525,-4.357592860913525
328,-1.5986422157956082,-1.5986422157956082,-1.5986422157956082
329,-1.2963879176472224,-1.2963879176472224,-1.2963879176472224
330,0.13536992761761302,0.13536992761761302,0.13536992761761302
331,-1.8851115013529325,-1.8851115013529325,-1.8851115013529325
332,-1.2734694932815858,-1.2734694932815858,-1.2734694932815858
333,3.239141429992373,0.41365358233451843,2.258957271591978
334,4.297095551596062,0.0557776540517807,4.099888991628709
335,-0.5991158930152878,-0.5991158930152878,-0.5991158930152878
336,5.965989692276658,0.5901092886924744,5.18143685955936
337,-9.27033482242496,-9.27033482242496,-9.27033482242496
338,-1.492852012717047,-1.492852012717047,-1.492852012717047
339,0.8142001620075342,-0.04413120448589325,1.331772008258774
340,-1.5455953911880058,-1.5455953911880058,-1.5455953911880058
341,1.3735370104407596,0.3264961242675781,1.3647919445394625
342,5.039040028176871,0.6020187139511108,5.216608070528948
343,-3.5632497549188114,-3.5632497549188114,-3.5632497549188114
344,1.9552524928461317,0.36563271284103394,2.0510755150879154
345,-3.1757824269036345,-3.1757824269036345,-3.1757824269036345
346,-1.205356782057856,-1.205356782057856,-1.205356782057856
347,-1.4123091954163252,-1.4123091954163252,-1.4123091954163252
348,-5.666052888223864,-5.666052888223864,-5.666052888223864
349,-3.7784831456285257,-3.7784831456285257,-3.7784831456285257
350,-1.6875694455777956,-1.6875694455777956,-1.6875694455777956
351,-0.7848282044873209,-0.7848282044873209,-0.7848282044873209
352,-4.0515909504148375,-4.0515909504148375,-4.0515909504148375
353,8.130558445892104,0.7999565005302429,7.1285085554030125
354,-0.4919411366627765,-0.4919411366627765,-0.4919411366627765
355,3.380250571973589,0.3902745246887207,3.4224612674758337
356,-1.2092044178528418,-1.2092044178528418,-1.2092044178528418
357,0.9043298479659636,-0.10103318840265274,0.9445551200357793
358,1.606559902229451,0.14529523253440857,0.5753737747318115
359,-0.24874840374486304,-0.24874840374486304,-0.24874840374486304
360,2.2431525126733876,0.0614093653857708,2.4408830850306322
361,-4.964649786697187,-4.964649786697187,-4.964649786697187
362,1.6206449189381247,0.13954691588878632,2.3836317829806757
363,2.5149557067744692,0.5611470937728882,2.8661469813773275
364,-0.5502271299475754,-0.9654744863510132,-0.08645131187442462
365,2.4330943572196335,0.5864584445953369,2.4670012904082985
366,-1.6246046160645826,-1.6246046160645826,-1.6246046160645826
367,0.15791189697487362,-0.05491569638252258,1.092635632177669
368,2.567903721143995,0.260587602853775,1.6000084584244338
369,-5.388914095883555,-5.388914095883555,-5.388914095883555
370,-1.328632471651852,-1.328632471651852,-1.328632471651852
371,0.254902607200597,0.254902607200597,0.254902607200597
372,-5.596004440633024,-5.596004440633024,-5.596004440633024
373,-4.2255598790009685,-4.2255598790009685,-4.2255598790009685
374,4.614256486450669,0.5994384288787842,3.4276668859951176
375,-0.02766473350277454,-0.02766473350277454,-0.02766473350277454
376,-3.3618649300676426,-3.3618649300676426,-3.3618649300676426
377,-6.1599603014416395,-6.1599603014416395,-6.1599603014416395
378,-1.842848130422294,-1.842848130422294,-1.842848130422294
379,0.7723169523781007,0.7723169523781007,0.7723169523781007
380,-2.031869753226196,-2.031869753226196,-2.031869753226196
381,0.21275762943526644,-1.4759780168533325,0.6862114166671376
382,0.007894335470395641,0.007894335470395641,0.007894335470395641
383,-2.932909178974312,-2.932909178974312,-2.932909178974312
384,2.2867517909738577,0.4848639965057373,1.984659808277457
385,2.567090226379037,0.34792429208755493,2.6100140872095756
386,-7.316561034252901,-7.316561034252901,-7.316561034252901
387,0.916710427167122,0.916710427167122,0.916710427167122
388,2.0986106555502415,0.1291520595550537,2.2649323880595813
389,5.172508148817947,0.2536919116973877,3.602528641897954
390,1.870540575243735,0.008085268549621105,2.4032017440243463
391,-5.564462004298316,-5.564462004298316,-5.564462004298316
392,-0.6637392740457818,-0.6637392740457818,-0.6637392740457818
393,-5.409406839200519,-5.409406839200519,-5.409406839200519
394,-8.670398226146277,-8.670398226146277,-8.670398226146277
395,5.450956437164905,0.7593705058097839,4.6247105579980055
396,-1.6397265363355549,-1.6397265363355549,-1.6397265363355549
397,-0.31073185097372286,-0.31073185097372286,-0.31073185097372286
398,2.940242892247745,0.46716341376304626,2.2500103341644375
399,5.702270901403979,0.791927695274353,3.579642531069676
400,0.8287065634668237,-0.1063513308763504,0.5173178063042123
401,0.06847427731647371,-0.4856431484222412,1.487294726814198
402,-0.26790106956627,-0.3262957036495209,0.38951652374988727
403,-3.2626520024554053,-3.2626520024554053,-3.2626520024554053
404,-0.5941626461321772,-0.5941626461321772,-0.5941626461321772
405,0.9461078465419062,-0.6557831168174744,0.7876809976656456
406,3.944585557704291,0.23955123126506805,3.980532222052372
407,3.612740392043364,0.8867629766464233,3.749669569793415
408,-0.2489683628489339,-0.9119089841842651,-0.2598247254660448
409,-0.42829622479600704,-0.42829622479600704,-0.42829622479600704
410,-2.5311802629117963,-2.5311802629117963,-2.5311802629117963
411,4.713214561270567,0.5375865697860718,3.8836069228826395
412,-1.5179139940806576,-1.5179139940806576,-1.5179139940806576
413,-3.9704963606091166,-3.9704963606091166,-3.9704963606091166
414,-0.38190191641257715,-0.38190191641257715,-0.38190191641257715
415,-1.7984621659667293,-1.7984621659667293,-1.7984621659667293
416,-1.1246656628834188,-1.1246656628834188,-1.1246656628834188
417,0.8896049702511931,0.23162056505680084,0.9089881687353827
418,0.171643723371247,-0.9787130355834961,0.4905089214820113
419,8.888762195271152,0.5274198651313782,6.597977468186059
420,-0.8373686097483749,-0.8373686097483749,-0.8373686097483749
421,1.3640892135955038,0.2544640302658081,2.1316151908009715
422,-0.1661468474604151,-0.1661468474604151,-0.1661468474604151
423,1.9186562814617365,0.41720616817474365,1.348392300522383
424,1.68708106676594,-0.1526683121919632,1.0898548866941153
425,7.788960219576502,1.4891446828842163,5.81011051291938
426,-1.8620200939205591,-1.8620200939205591,-1.8620200939205591
427,-3.90232046944035,-3.90232046944035,-3.90232046944035
428,2.239358795704137,0.1697673350572586,1.3855122207773862
429,1.7104328219929794,0.3939937949180603,1.878317392786824
430,-2.224205873906035,-2.224205873906035,-2.224205873906035
431,1.8201874888352316,0.12305180728435516,1.7532045351571695
432,-0.06629567597520575,-0.06629567597520575,-0.06629567597520575
433,-1.3256420156140012,-1.3256420156140012,-1.3256420156140012
434,-4.30744698771228,-4.30744698771228,-4.30744698771228
435,0.15021037331746478,-0.6040814518928528,0.6409375090162519
436,2.4514929086871056,-0.06632774323225021,1.339856182082344
437,5.101166417704341,0.2397933006286621,4.082098212482181
438,-0.6274816522645263,-0.6274816522645263,-0.6274816522645263
439,-2.3454140692992143,-2.3454140692992143,-2.3454140692992143
440,-2.362662471485022,-2.362662471485022,-2.362662471485022
441,2.9022787117206637,0.5004913210868835,3.314145873832199
442,-4.990803628135193,-4.990803628135193,-4.990803628135193
443,-3.728373549587915,-3.728373549587915,-3.728373549587915
444,-1.8397622816170176,-1.8397622816170176,-1.8397622816170176
445,1.9753382498118919,-0.2497083693742752,0.9524368560447716
446,6.753239507685542,0.8635305762290955,4.746292171020092
447,-0.6113141815343984,-0.6113141815343984,-0.6113141815343984
448,-5.784730197165638,-5.784730197165638,-5.784730197165638
449,-1.2971205951311502,-1.2971205951311502,-1.2971205951311502
450,-2.7087661691149716,-2.7087661691149716,-2.7087661691149716
451,1.0989844606405068,-0.6186805963516235,0.77920232026501
452,-2.8383109869902663,-2.8383109869902663,-2.8383109869902663
453,3.085336442801824,0.32591041922569275,3.384823559656905
454,2.4833781080650046,0.645853579044342,1.2473295347616815
455,-4.0170042759340046,-4.0170042759340046,-4.0170042759340046
456,0.8323168562999684,-0.11208842694759369,0.9211617880489492
457,-1.2075464194133616,-1.2075464194133616,-1.2075464194133616
458,9.365442273680687,1.1568204164505005,6.257623318376294
459,-1.479302607736672,-1.479302607736672,-1.479302607736672
460,-2.100751381256987,-2.100751381256987,-2.100751381256987
461,-1.2429018953590403,-1.2429018953590403,-1.2429018953590403
462,3.151392004767556,0.6474398970603943,3.0220181632800975
463,2.176908533293007,0.09184521436691284,2.199919051445537
464,0.5139969209825144,-0.6029847860336304,1.3085719992134512
465,0.08142829530476209,0.08142829530476209,0.08142829530476209
466,0.10905855676274648,0.10905855676274648,0.10905855676274648
467,0.16516996049615396,-0.167608842253685,0.8611678623657193
468,-4.9569611387287225,-4.9569611387287225,-4.9569611387287225
469,-1.9073762465395179,-1.9073762465395179,-1.9073762465395179
470,-0.9845425767375269,-0.9845425767375269,-0.9845425767375269
471,-3.3066594798130313,-3.3066594798130313,-3.3066594798130313
472,0.09467281287988849,-1.0365973711013794,0.08349187412551512
473,-9.111646681593152,-9.111646681593152,-9.111646681593152
474,0.1403162952216209,0.1403162952216209,0.1403162952216209
475,-4.270457693602232,-4.270457693602232,-4.270457693602232
476,-0.23379613872637983,-0.9018962383270264,1.048562002277397
477,4.0830200562966645,0.8557467460632324,3.0589451625748776
478,1.0519006428277131,0.24515871703624725,0.8295552108880956
479,0.8292056305289718,0.05389619246125221,1.0805248766256996
480,4.365520033426645,0.7315569519996643,3.466093549943601
481,0.4560688702130069,0.08110678195953369,0.1519956435387035
482,5.403941405613157,0.6261751055717468,5.112326144968083
483,0.06276577104425252,0.06276577104425252,0.06276577104425252
484,1.0226078938423329,0.09090796113014221,1.8003955415824946
485,-0.6769405802339952,-0.8455489277839661,0.4752410032993578
486,-3.6964241916704332,-3.6964241916704332,-3.6964241916704332
487,0.9035343264997082,-0.13150164484977722,1.0470132583072076
488,5.197277268581619,1.2854660749435425,3.7697123596713435
489,-0.9563467930137638,-0.9563467930137638,-0.9563467930137638
490,-0.3595334115047778,-0.3595334115047778,-0.3595334115047778
491,-1.1109038534570048,-1.1109038534570048,-1.1109038534570048
492,-3.890434490721434,-3.890434490721434,-3.890434490721434
493,-4.191895034143979,-4.191895034143979,-4.191895034143979
494,-3.7161568063301034,-3.7161568063301034,-3.7161568063301034
495,-1.0345801084435307,-1.0345801084435307,-1.0345801084435307
496,-1.21570280260466,-1.21570280260466,-1.21570280260466
497,1.5869388261404325,-0.3461739718914032,1.7560981245877203
498,-1.0698299777904674,-1.0698299777904674,-1.0698299777904674
499,0.48694367583308973,0.48694367583308973,0.48694367583308973
500,-3.8654010659606666,-3.8654010659606666,-3.8654010659606666
501,-3.9026894172107838,-3.9026894172107838,-3.9026894172107838
502,5.7093666988727065,0.5377514958381653,5.0693622921945
503,-0.028442055988591952,0.0420374721288681,0.22427149739661972
504,0.78326463220394,-0.2936060130596161,1.4287160056806443
505,5.208875029181721,0.6485942006111145,4.7103578822724375
506,2.3144407192276937,-0.0839875116944313,3.4191658177491657
507,4.61949481169037,0.7234901189804077,4.4562082655357145
508,1.6003874671713576,0.00620648916810751,1.5363611189953217
509,0.5061694193333879,-0.6623249650001526,0.49793319292119653
510,-1.2432421655969563,-1.2432421655969563,-1.2432421655969563
511,-2.570475995530705,-2.570475995530705,-2.570475995530705
512,0.8930465696598768,0.32885000109672546,1.630507162572615
513,-4.619079234716494,-4.619079234716494,-4.619079234716494
514,1.869811895705709,-0.11630019545555115,2.826242755699312
515,-3.5623924102131754,-3.5623924102131754,-3.5623924102131754
516,2.8946797445982977,0.6003157496452332,2.5799146268028275
517,0.6613868483891177,-0.541335940361023,1.1827881107526503
518,-3.900841685130369,-3.900841685130369,-3.900841685130369
519,-5.489984178815179,-5.489984178815179,-5.489984178815179
520,-0.5741388180837681,-0.5741388180837681,-0.5741388180837681
521,-0.835515204302205,-0.835515204302205,-0.835515204302205
522,-0.3182602895877116,-0.3182602895877116,-0.3182602895877116
523,-3.2944503531418423,-3.2944503531418423,-3.2944503531418423
524,5.425221498455951,0.5440825819969177,5.049804385153588
525,-5.252671817746535,-5.252671817746535,-5.252671817746535
526,1.5840285251732082,0.6982336044311523,2.7794862680814765
527,3.590830875652269,0.5004581212997437,3.2399600823107084
528,-0.4883067603952788,-0.4883067603952788,-0.4883067603952788
529,-6.2258711540962635,-6.2258711540962635,-6.2258711540962635
530,0.05754561814180681,-0.3193090558052063,0.7522363829363596
531,-3.352051839641523,-3.352051839641523,-3.352051839641523
532,-0.7093912348722193,-0.7093912348722193,-0.7093912348722193
533,-1.990725042594783,-1.990725042594783,-1.990725042594783
534,-3.910899359660519,-3.910899359660519,-3.910899359660519
535,0.9690013190016358,-0.07056766003370285,0.7042921445087017
536,-1.6333867262393282,-1.6333867262393282,-1.6333867262393282
537,-0.032392906995886483,-0.8041703104972839,0.3445804599768282
538,1.8860392473124459,-0.10744711756706238,1.6789046683645206
539,2.955609337326966,0.5601145625114441,2.0893963660110835
540,2.923212103046669,0.6297968626022339,2.7760203723201853
541,-5.687937522941888,-5.687937522941888,-5.687937522941888
542,0.7527896949390729,0.12987756729125977,0.9119763714159255
543,1.736063245634017,0.35791873931884766,1.7037871977094716
544,-0.006966624408435684,-0.006966624408435684,-0.006966624408435684
545,-4.657581691875443,-4.657581691875443,-4.657581691875443
546,4.332252901267257,-0.13343602418899536,3.7040174226442604
547,-2.7652480822792644,-2.7652480822792644,-2.7652480822792644
548,-4.51612412486106,-4.51612412486106,-4.51612412486106
549,2.8901718524509747,0.3951994478702545,2.4074808300867128
550,-5.342165830443295,-5.342165830443295,-5.342165830443295
551,1.4093048410051483,-0.6727498769760132,1.2090370341745555
552,2.539361782255984,-0.34232819080352783,2.2150748452134326
553,-1.5443063883849233,-1.5443063883849233,-1.5443063883849233
554,2.9247543824436524,0.026699846610426903,2.8459168936249775
555,-0.8946239413376702,-0.8946239413376702,-0.8946239413376702
556,-0.44826447577172246,-0.44826447577172246,-0.44826447577172246
557,-1.0422667228236278,-1.0422667228236278,-1.0422667228236278
558,0.47352389208055734,-0.46603119373321533,0.1666726349720305
559,2.33048863712124,0.4824155271053314,2.4081567393243652
560,-1.1156316470299332,-1.9165701866149902,0.4706941720966925
561,0.14855806864816823,-0.9828795194625854,-0.3315447815193965
562,4.520917400914273,0.5123704075813293,3.846931153557352
563,-7.3549619302582405,-7.3549619302582405,-7.3549619302582405
564,2.189142821463689,0.03208361566066742,1.9133351949179234
565,-1.4254030117624186,-1.4254030117624186,-1.4254030117624186
566,-7.218931622754393,-7.218931622754393,-7.218931622754393
567,3.1918088205681845,0.30684036016464233,3.293207247115265
568,0.1626665561275488,0.1626665561275488,0.1626665561275488
569,2.304855702474313,-0.034267835319042206,2.71907046146838
570,-0.42443743069259865,-0.42443743069259865,-0.42443743069259865
571,-0.2014520935311032,-0.2014520935311032,-0.2014520935311032
572,-0.31594153489659604,-0.31594153489659604,-0.31594153489659604
573,6.00593083678905,0.9705365896224976,4.472329864885284
574,-4.539860190461709,-4.539860190461709,-4.539860190461709
575,0.5121521504439736,-0.44040027260780334,1.1570374470251197
576,-0.593318899923092,-1.0391486883163452,-0.2679569845672828
577,1.4764130861956044,0.10369866341352463,2.647025532456604
578,-0.39699346851226924,-0.6521955132484436,0.3449020909913608
579,6.330470677886511,1.4042367935180664,5.611077597638146
580,-0.358384043858634,-0.358384043858634,-0.358384043858634
581,-3.5856459744840485,-3.5856459744840485,-3.5856459744840485
582,4.313608143794685,0.5849400758743286,2.9850516534847404
583,0.0006986162158302417,0.0006986162158302417,0.0006986162158302417
584,1.9414056474294208,0.0738910511136055,1.1650630734337966
585,-3.8294752912325825,-3.8294752912325825,-3.8294752912325825
586,-1.4268437401364216,-1.4268437401364216,-1.4268437401364216
587,2.5159933364142018,0.05660339444875717,1.4333099512181395
588,-0.9337863156618518,-0.9337863156618518,-0.9337863156618518
589,-7.0935433460665545,-7.0935433460665545,-7.0935433460665545
590,0.8078976371676798,-0.12350451201200485,1.384301190054754
591,4.8437302696191615,0.6582381129264832,5.302776897633991
592,4.020803355600432,0.02325344644486904,2.6784029945423455
593,2.5422460966674034,0.3966437876224518,2.596757258505819
594,-1.4898152586342017,-1.4898152586342017,-1.4898152586342017
595,-0.8597618267018677,-0.8597618267018677,-0.8597618267018677
596,4.74698385854102,1.3189074993133545,4.5651745795187075
597,-0.8032609587107972,-0.8032609587107972,-0.8032609587107972
598,-0.4170125613458342,-0.7607495188713074,-0.09408379359803926
599,1.5122407093562145,0.02211066335439682,2.291587717108798
600,-0.9638851308982425,-0.9638851308982425,-0.9638851308982425
601,3.298082289618171,0.4188464283943176,3.053166890779506
602,-1.4560876908503169,-1.4560876908503169,-1.4560876908503169
603,-7.061734914893323,-7.061734914893323,-7.061734914893323
604,1.929568923534775,0.37734490633010864,2.0709967421232864
605,-8.452502743443196,-8.452502743443196,-8.452502743443196
606,0.406549010453185,0.406549010453185,0.406549010453185
607,-6.701838797167756,-6.701838797167756,-6.701838797167756
608,-3.037100312377988,-3.037100312377988,-3.037100312377988
609,-2.1010673476727737,-2.1010673476727737,-2.1010673476727737
610,-1.355115506072389,-1.355115506072389,-1.355115506072389
611,-3.4567007601590043,-3.4567007601590043,-3.4567007601590043
612,2.265154890906691,0.4778859317302704,2.474850160085319
613,-0.9749451277229512,-0.9749451277229512,-0.9749451277229512
614,3.0614711731627633,0.5072678327560425,2.4303842171860417
615,2.8001051632662586,0.23292984068393707,3.086046236710714
616,1.19731516545392,0.00874684751033783,0.9026543529515159
617,4.474398877427193,0.49409785866737366,3.7271682563575554
618,1.189871096296517,-0.20109401643276215,0.5817281697469252
619,-13.700990035804427,-13.700990035804427,-13.700990035804427
620,3.065376897957514,0.49948474764823914,2.510038007200432
621,-0.5110899878242953,-0.5110899878242953,-0.5110899878242953
622,6.3814814156353155,1.315773844718933,4.603843057630231
623,-0.40287894498074833,-0.7741744518280029,0.5120071630727581
624,0.1657152380887078,-0.1682681292295456,0.7368150299056955
625,-5.582701771926067,-5.582701771926067,-5.582701771926067
626,8.750047344669314,0.2527283728122711,5.544083769030995
627,2.249415922612596,0.29872986674308777,1.880509465200012
628,-1.4511136063676473,-1.4511136063676473,-1.4511136063676473
629,-0.05038498138776398,-0.8583899736404419,0.7415485013377371
630,-0.8984281147480051,-0.8984281147480051,-0.8984281147480051
631,2.8307202342199496,-0.10933054983615875,2.3770211844532825
632,-0.7223383645467696,-0.7223383645467696,-0.7223383645467696
633,0.7248787028157866,-0.44133806228637695,0.708873230317527
634,3.49167909347611,0.7402253746986389,3.1458549776459956
635,1.499094791160144,-0.13714464008808136,1.885287108740061
636,7.004279041294781,0.6680675148963928,5.730285391798415
637,-1.4252856133879859,-1.4252856133879859,-1.4252856133879859
638,-3.601903586414938,-3.601903586414938,-3.601903586414938
639,4.995256862193573,0.8284897208213806,3.8176437715615053
640,-1.106149107126482,-1.106149107126482,-1.106149107126482
641,-0.39176306064814015,-0.21357539296150208,0.25045119728569926
642,-0.9494317092491398,-0.9494317092491398,-0.9494317092491398
643,-1.7119520343305876,-1.7119520343305876,-1.7119520343305876
644,0.44545515409160563,-0.8186545968055725,0.9986174719671483
645,-1.8994896052850765,-1.8994896052850765,-1.8994896052850765
646,-0.5453626883984165,-0.5453626883984165,-0.5453626883984165
647,0.910403603147777,-0.07573074102401733,1.5089530801614846
648,0.28577313909365953,0.28577313909365953,0.28577313909365953
649,0.6409012801216253,-0.8356966972351074,0.4563862324138814
650,0.1983933398025579,-0.6970922946929932,0.29135321308933004
651,-1.6300049713801665,-1.6300049713801665,-1.6300049713801665
652,-1.0214720862846822,-1.0214720862846822,-1.0214720862846822
653,-5.693008610073458,-5.693008610073458,-5.693008610073458
654,-0.5797743444609134,-0.5797743444609134,-0.5797743444609134
655,0.1385595721338873,0.1385595721338873,0.1385595721338873
656,-1.1038629507218227,-1.1038629507218227,-1.1038629507218227
657,3.5770379015692098,0.5935533046722412,3.282134375166831
658,-0.4678742818944907,-0.4678742818944907,-0.4678742818944907
659,0.8390931201320304,-0.9705191254615784,1.2114148404753253
660,2.033087369272191,-0.029336828738451004,2.5286099146475887
661,2.1647741578096578,0.6325392723083496,2.055363650339783
662,-2.722772341896594,-2.722772341896594,-2.722772341896594
663,-3.1068870342990142,-3.1068870342990142,-3.1068870342990142
664,0.23669729985698895,-0.16121993958950043,0.468754400102731
665,0.1103161908194793,-1.0330402851104736,0.36312444512933484
666,0.2648409095488586,-0.2967473268508911,0.15095588655719616
667,0.6501093467509013,-0.03183063119649887,0.008364381612346095
668,2.110684408518281,0.09550315141677856,2.5937767110441694
669,1.756465683528865,0.6624021530151367,1.4356937954036553
670,6.032619524720827,0.7045974135398865,5.044380558337706
671,1.750707239671434,0.018308669328689575,2.5072744630973416
672,3.647771875133577,0.5143742561340332,3.2236392971774266
673,3.120845576539122,-0.42448893189430237,3.590423036190716
674,-1.5090098361877073,-1.5090098361877073,-1.5090098361877073
675,3.755250918472687,0.798276424407959,3.6805822204981475
676,-0.6893595208949707,-1.4064371585845947,-0.1572503352922211
677,-6.801020250085002,-6.801020250085002,-6.801020250085002
678,-4.079689537483045,-4.079689537483045,-4.079689537483045
679,-0.5802329906662618,-0.5802329906662618,-0.5802329906662618
680,-3.0611135934717617,-3.0611135934717617,-3.0611135934717617
681,0.635707807468388,-0.8615171909332275,2.081662987739416
682,-4.546192158613582,-4.546192158613582,-4.546192158613582
683,1.5575181348636566,0.010652516037225723,2.160583082423108
684,-2.2578811246525836,-2.2578811246525836,-2.2578811246525836
685,-2.758839236074575,-2.758839236074575,-2.758839236074575
686,1.0068590853158128,-0.23127935826778412,0.8988567730093358
687,6.561112977368147,0.826309084892273,3.9134779917381715
688,-0.535597513548205,-0.535597513548205,-0.535597513548205
689,2.9618109791715814,-0.1666618138551712,2.810964054420899
690,-0.4726936157792492,-0.4726936157792492,-0.4726936157792492
691,3.1107448348646574,0.4911893606185913,3.041177211106329
692,-1.1255184523528245,-1.1255184523528245,-1.1255184523528245
693,-0.8646264652751182,-1.646628499031067,0.388115972696635
694,-0.935758658938443,-0.935758658938443,-0.935758658938443
695,2.168480536076991,0.15987776219844818,2.1797706794013845
696,1.6917878168833258,0.6381582021713257,1.477066490259017
697,3.248341220135878,0.378942608833313,3.993226453692985
698,-0.04425364803322995,-1.1637881994247437,0.6927520771143479
699,-0.9528468456164282,-0.9528468456164282,-0.9528468456164282
700,2.8214561700764897,0.5603588223457336,2.7294532677488683
701,-2.451844230672228,-2.451844230672228,-2.451844230672228
702,-0.7056628494986109,-0.7056628494986109,-0.7056628494986109
703,0.24862214616979506,0.24862214616979506,0.24862214616979506
704,-2.1861425322093657,-2.1861425322093657,-2.1861425322093657
705,-0.1460669636300842,-0.1460669636300842,-0.1460669636300842
706,-6.620092772548682,-6.620092772548682,-6.620092772548682
707,-0.20526724704433139,-0.20526724704433139,-0.20526724704433139
708,1.4156476856300282,-0.041714146733284,1.7510263815301905
709,-1.2409247350173798,-1.2409247350173798,-1.2409247350173798
710,-1.114729669588844,-1.114729669588844,-1.114729669588844
711,-3.0276764222031103,-3.0276764222031103,-3.0276764222031103
712,-2.0013487140678343,-2.0013487140678343,-2.0013487140678343
713,3.5863217976119004,0.6294459700584412,2.51645336615077
714,-1.180963957577077,-1.180963957577077,-1.180963957577077
715,4.441249527101045,0.4072900712490082,4.024668667459485
716,-0.7103356480111986,-0.7103356480111986,-0.7103356480111986
717,-3.33449107448737,-3.33449107448737,-3.33449107448737
718,2.9427446407271263,-0.655272901058197,2.4663663394517648
719,-0.44722577545776687,-0.44722577545776687,-0.44722577545776687
720,-0.6929135004341042,-0.33090049028396606,-0.2290085005531033
721,3.696448997766977,0.9303199052810669,3.0435175752187775
722,4.257031741755942,0.7401878833770752,4.335749320215729
723,2.094165234095035,0.06134174391627312,2.5152491647106996
724,-2.1682001240411317,-2.1682001240411317,-2.1682001240411317
725,-3.9789047425532846,-3.9789047425532846,-3.9789047425532846
726,-0.4889286329891731,-0.4889286329891731,-0.4889286329891731
727,-0.3065655304373951,-0.3065655304373951,-0.3065655304373951
728,0.4879777655018913,0.2011294960975647,0.6220921700071325
729,-0.5323626843681145,-0.5323626843681145,-0.5323626843681145
730,-2.2004920054706787,-2.2004920054706787,-2.2004920054706787
731,2.218545530127054,-0.12397445738315582,2.9418284668103807
732,0.9756555044184956,-0.4306730628013611,0.925788934698599
733,0.26206430036684514,-0.8709719777107239,0.5303389849930413
734,-0.7422226215794698,-0.7422226215794698,-0.7422226215794698
735,1.7992407849935377,0.6311725974082947,2.1064124094277688
736,0.13453606626312312,0.13453606626312312,0.13453606626312312
737,-4.2174761614716125,-4.2174761614716125,-4.2174761614716125
738,-0.8490459288831836,-0.8490459288831836,-0.8490459288831836
739,-7.336268720614835,-7.336268720614835,-7.336268720614835
740,-1.42472764686242,-1.42472764686242,-1.42472764686242
741,0.19726823082061828,0.18708625435829163,0.3916459802659309
742,-3.592675910780699,-3.592675910780699,-3.592675910780699
743,-0.4743843391307203,-0.4743843391307203,-0.4743843391307203
744,0.7361531604395242,-0.6764044761657715,0.31604936502500935
745,-0.6855244509059015,-0.6855244509059015,-0.6855244509059015
746,-3.838742727998326,-3.838742727998326,-3.838742727998326
747,1.758813928951224,0.26209506392478943,2.542304138051105
748,1.0519577910840014,-0.319138765335083,1.017138068354373
749,-1.7991037292884415,-1.7991037292884415,-1.7991037292884415
750,0.5661897637378586,-0.1702672839164734,0.7675588191259093
751,-1.076990950720674,-1.076990950720674,-1.076990950720674
752,-3.2104720682364967,-3.2104720682364967,-3.2104720682364967
753,1.7693884703317222,0.5966024398803711,1.9904511756529868
754,0.6269114498527257,-0.44127780199050903,0.8671880208402294
755,0.9262862838126578,0.35903212428092957,0.8547058757374042
756,0.08033122972505982,0.08033122972505982,0.08033122972505982
757,1.9291146817115656,0.3181471526622772,1.7727852738232386
758,0.7983367249850412,0.2607697546482086,1.6379151073877258
759,-5.531156611597447,-5.531156611597447,-5.531156611597447
760,4.235571819337956,-1.2344610691070557,3.6093120879970755
761,-1.9072963877002147,-1.9072963877002147,-1.9072963877002147
762,-2.7220304060692904,-2.7220304060692904,-2.7220304060692904
763,-3.1852690196371904,-3.1852690196371904,-3.1852690196371904
764,-0.08299116646831994,-0.4584691524505615,0.9274992137465046
765,3.095347633284235,0.3836831748485565,2.140081050474286
766,2.233879027009335,0.10081831365823746,1.6333345540773134
767,7.205672605432779,0.9284932017326355,5.294763215686211
768,-1.825095599006076,-1.825095599006076,-1.825095599006076
769,-1.0690510310034547,-1.0690510310034547,-1.0690510310034547
770,1.4603370374973896,-0.18401435017585754,1.1929582148613758
771,-1.0539205939367613,-1.0539205939367613,-1.0539205939367613
772,-3.4243476542830984,-3.4243476542830984,-3.4243476542830984
773,0.2884180900733154,0.12762092053890228,0.49307607385234953
774,-4.224601299434757,-4.224601299434757,-4.224601299434757
775,-2.1385832706310497,-2.1385832706310497,-2.1385832706310497
776,2.6447007484624403,0.058599118143320084,0.864257248313605
777,-1.0835073157933874,-1.0835073157933874,-1.0835073157933874
778,-2.6475401724575613,-2.6475401724575613,-2.6475401724575613
779,1.3317186312256006,-0.021957479417324066,1.2543545190709597
780,1.1123276762926357,-0.9783259034156799,1.949016880768735
781,-0.18851611975926713,-0.18851611975926713,-0.18851611975926713
782,-1.2753942588626084,-1.2753942588626084,-1.2753942588626084
783,3.7464602159171276,0.7487436532974243,3.2455560585411343
784,0.4485945918353176,0.22303758561611176,1.1196623357863662
785,1.4607736808357616,0.07892166823148727,1.4570074774616695
786,4.420086006542078,0.5659577250480652,3.934212192144202
787,-3.2663216640643684,-3.2663216640643684,-3.2663216640643684
788,-0.859090491751583,-0.859090491751583,-0.859090491751583
789,-5.6432082312670095,-5.6432082312670095,-5.6432082312670095
790,3.763562249546244,0.4583432376384735,2.6661707208522216
791,0.2467471605481616,-0.711209237575531,-0.2248859368568007
792,0.19247202781873107,-0.5675930380821228,0.8763808356771481
793,1.1672118175463269,-0.39391887187957764,1.2920937269384423
794,2.2332526927468446,0.5425282716751099,2.4615871423694937
795,4.270610161048161,0.39855054020881653,2.9227481145162346
796,-0.7476400962325949,-0.7476400962325949,-0.7476400962325949
797,1.7287159150071556,0.23416335880756378,2.2856028861985145
798,-0.6540757701263431,-0.6540757701263431,-0.6540757701263431
799,-6.984294643305325,-6.984294643305325,-6.984294643305325
800,3.3332901391645,0.5472063422203064,2.957164124985863
801,0.47446082856947447,-0.5011003613471985,0.5631938674410405
802,0.07622377802226099,-0.3616825342178345,0.49272110941805314
803,-1.4295362199027977,-1.4295362199027977,-1.4295362199027977
804,1.7453159190496448,0.03511316329240799,2.030137762046356
805,2.899717867840189,-0.03451923280954361,1.4527355068113934
806,-2.724857049058262,-2.724857049058262,-2.724857049058262
807,2.7739177204084293,0.3968096077442169,2.4720639139225944
808,-6.632094181382516,-6.632094181382516,-6.632094181382516
809,-0.16644629179923134,-0.16644629179923134,-0.16644629179923134
810,-2.4033563593442504,-2.4033563593442504,-2.4033563593442504
811,3.046158652560156,-0.2506791353225708,2.66978465896728
812,-0.9211816888450011,-0.9211816888450011,-0.9211816888450011
813,-1.6502839642122462,-1.6502839642122462,-1.6502839642122462
814,3.730586577726371,0.7967697381973267,2.2773034914986936
815,-3.7784154940255243,-3.7784154940255243,-3.7784154940255243
816,-4.487753871851262,-4.487753871851262,-4.487753871851262
817,0.510345328736659,-0.918415367603302,0.822535739522742
818,-0.31969200763736155,-0.31969200763736155,-0.31969200763736155
819,3.7478794901191215,-0.1525263786315918,3.5434446331680225
820,0.5100159372577215,-0.6298518180847168,1.0646792567660215
821,1.9799759948723694,0.6627597808837891,1.251386884562611
822,-3.5220382115638342,-3.5220382115638342,-3.5220382115638342
823,6.118274074398338,1.0677605867385864,4.901331710178738
824,-4.2143477210413485,-4.2143477210413485,-4.2143477210413485
825,-3.713393634828074,-3.713393634828074,-3.713393634828074
826,5.889058500375121,0.48671218752861023,4.715164249739667
827,2.4684044264662153,0.22610990703105927,2.258045078859646
828,-2.881361651373918,-2.881361651373918,-2.881361651373918
829,-0.3780305552170335,-0.3780305552170335,-0.3780305552170335
830,5.992408267035458,0.8278318643569946,4.722275284182359
831,-1.5231047695840798,-1.5231047695840798,-1.5231047695840798
832,-4.47423883599289,-4.47423883599289,-4.47423883599289
833,-4.003995936221282,-4.003995936221282,-4.003995936221282
834,-4.623098690707173,-4.623098690707173,-4.623098690707173
835,5.740215212771785,0.5750340819358826,4.672285508123803
836,4.702776268068565,0.355740487575531,4.1275184326277685
837,3.576938330033037,0.5471587777137756,4.938490702753849
838,1.3491812163871044,0.028000082820653915,1.5812568162198466
839,-9.612194361456574,-9.612194361456574,-9.612194361456574
840,-1.5447967593022578,-1.5447967593022578,-1.5447967593022578
841,-2.0640888899297423,-2.0640888899297423,-2.0640888899297423
842,0.5370828957717172,-0.02456364966928959,1.1253858959746028
843,2.9887601493908003,0.29105162620544434,3.348936236149103
844,-0.8706892654169107,-0.8706892654169107,-0.8706892654169107
845,-3.132628684761312,-3.132628684761312,-3.132628684761312
846,-12.206918235457575,-12.206918235457575,-12.206918235457575
847,2.143700653486102,-0.32095831632614136,2.1173316504352075
848,-5.69847752430411,-5.69847752430411,-5.69847752430411
849,-2.7335308655691732,-2.7335308655691732,-2.7335308655691732
850,2.0274667396576507,1.4145421981811523,1.6499918862625365
851,-2.576081291091917,-2.576081291091917,-2.576081291091917
852,2.1710369263577602,0.44977080821990967,2.408681982913382
853,3.6626444018959385,0.794628381729126,3.7217831842963665
854,1.8894496989383125,0.26778531074523926,0.727135627668605
855,0.5674252484402003,0.23762200772762299,0.5853093520496888
856,-3.298700907600182,-3.298700907600182,-3.298700907600182
857,4.780842119176819,1.1664166450500488,3.4037659658131485
858,1.0266424950915347,-0.6491983532905579,0.014208264480697327
859,2.9018838397035895,0.9248266816139221,3.0952672702314508
860,1.729368119426999,0.21841761469841003,2.0759987407440326
861,-0.8729049137368529,-0.8729049137368529,-0.8729049137368529
862,0.8707388635153457,-0.8756482005119324,1.0937760553778717
863,-2.579024356085068,-2.579024356085068,-2.579024356085068
864,10.400130008858701,1.4614379405975342,7.206376883406976
865,-3.736518812992315,-3.736518812992315,-3.736518812992315
866,-2.452796459345423,-2.452796459345423,-2.452796459345423
867,2.7824202996609158,0.16510145366191864,2.974388351447832
868,-1.5139149351524805,-1.5139149351524805,-1.5139149351524805
869,-3.879394682335191,-3.879394682335191,-3.879394682335191
870,3.307011852333302,0.14474891126155853,2.8482907299306413
871,-1.4961950353122908,-1.4961950353122908,-1.4961950353122908
872,-2.078339016027902,-2.078339016027902,-2.078339016027902
873,5.735477853554748,0.03184545040130615,4.481618357296426
874,-3.381738276236973,-3.381738276236973,-3.381738276236973
875,3.2604035275733625,0.20903459191322327,2.5615150341790147
876,1.033819832183263,-0.5967104434967041,0.45556192374901483
877,0.31133139631770024,-0.2740970849990845,0.5634214975292337
878,3.97476698984867,0.953609049320221,2.3123397471500944
879,2.395350258888397,0.017024457454681396,1.8584537346502468
880,-0.9600954470153268,-0.9600954470153268,-0.9600954470153268
881,2.1282020266601553,0.2406061291694641,1.7417755390567948
882,-0.7652035750028124,-0.7652035750028124,-0.7652035750028124
883,0.7065087562048996,-0.2839003801345825,0.8235128926900372
884,-0.662158372971119,-0.662158372971119,-0.662158372971119
885,14.344936948057553,1.2228155136108398,9.345506909316153
886,0.4722953851564685,-0.2281278371810913,0.18277291738976603
887,2.158469216302858,0.43281087279319763,2.2514766559182013
888,6.392675663354442,1.2620495557785034,5.0431992326864785
889,-6.268270126696046,-6.268270126696046,-6.268270126696046
890,0.9914163272943375,-0.6361218690872192,1.2180457394201376
891,-3.020052757202931,-3.020052757202931,-3.020052757202931
892,1.7895353614909701,-0.09114252030849457,3.0714642519624022
893,-2.9920781085661394,-2.9920781085661394,-2.9920781085661394
894,4.724225619696792,0.7954403758049011,3.2756271045929015
895,-4.239075419343438,-4.239075419343438,-4.239075419343438
896,1.9803373203925374,0.2689783573150635,1.035302113577098
897,5.1479473221966074,0.29990875720977783,4.593435967036257
898,2.634673528409898,0.010846507735550404,2.596877017081257
899,5.001060768570971,-0.7578323483467102,4.331119735314881
900,-1.9798893931263564,-1.9798893931263564,-1.9798893931263564
901,-1.6888212940275196,-1.6888212940275196,-1.6888212940275196
902,-1.2110301375093866,-1.2110301375093866,-1.2110301375093866
903,-1.6101203891197402,-1.6101203891197402,-1.6101203891197402
904,5.931897386234818,0.3896676301956177,4.240119028352421
905,-0.25825208260731125,-0.25825208260731125,-0.25825208260731125
906,3.6764825013896765,0.8038235902786255,4.200638302048569
907,-2.578188157152997,-2.578188157152997,-2.578188157152997
908,-2.336977641416307,-2.336977641416307,-2.336977641416307
909,2.1894907752861408,0.1343764066696167,2.073685664845672
910,-0.4691887150959049,-0.4691887150959049,-0.4691887150959049
911,2.987309632191912,0.15323764085769653,2.6715222608309626
912,0.47695247516980155,-0.17948207259178162,0.43081402615553077
913,3.6135124862201304,0.9312623739242554,2.5523432474722116
914,-4.512771795446734,-4.512771795446734,-4.512771795446734
915,-2.080180541633393,-2.080180541633393,-2.080180541633393
916,-2.016244349547625,-2.016244349547625,-2.016244349547625
917,2.317371469116738,-0.03042127750813961,2.447558660390325
918,1.2804090379004336,0.031953364610672,1.2278560539491796
919,-0.7322547426351821,-0.7322547426351821,-0.7322547426351821
920,-0.4845294331543374,-0.4845294331543374,-0.4845294331543374
921,-1.9704384290955508,-1.9704384290955508,-1.9704384290955508
922,0.4168163664522924,-0.5563129782676697,0.9141424387936553
923,-4.326821902517559,-4.326821902517559,-4.326821902517559
924,-0.7643164353345978,-0.7643164353345978,-0.7643164353345978
925,3.3586123650953703,-0.22355550527572632,3.008335871534526
926,1.2669030319286858,1.2669030319286858,1.2669030319286858
927,2.735376222956168,0.2857208847999573,2.419039215438805
928,2.3708274409124774,0.49344122409820557,2.2158220490853147
929,-1.2083313869571952,-1.2083313869571952,-1.2083313869571952
930,4.953381037149457,0.999728262424469,4.776842624863005
931,-4.234774822226956,-4.234774822226956,-4.234774822226956
932,-9.479494959313355,-9.479494959313355,-9.479494959313355
933,4.319277343933331,-0.4082006812095642,4.029645880428019
934,0.030529679597652792,0.030529679597652792,0.030529679597652792
935,-1.8282879377887158,-1.8282879377887158,-1.8282879377887158
936,7.558394866812144,0.9041818976402283,6.015550009764069
937,-0.10724885969698184,-0.09805626422166824,0.23326021223893423
938,-0.44386982402900627,-0.44386982402900627,-0.44386982402900627
939,0.8116660880257919,0.11141776293516159,1.5614075645505698
940,3.0592950511663184,0.21754199266433716,2.7758925781200934
941,1.9495845548018913,-0.061108119785785675,2.303261626094226
942,-8.713668991615352,-8.713668991615352,-8.713668991615352
943,4.982431469557879,0.8165779113769531,4.616805132066278
944,0.0795056223189247,0.0795056223189247,0.0795056223189247
945,-3.381078989024309,-3.381078989024309,-3.381078989024309
946,0.821480038034412,-0.4978273808956146,1.5254277675329133
947,2.3079693502310676,0.3208005428314209,2.7440688249680605
948,-1.4160062080302316,-1.4160062080302316,-1.4160062080302316
949,-0.6389052623290696,-0.6389052623290696,-0.6389052623290696
950,-0.08558596065224078,-1.3754438161849976,0.11878258165616085
951,2.9957301714067164,0.33942729234695435,2.6965512242248284
952,3.360332657655581,0.868071436882019,3.325713644554829
953,2.019927531398724,0.3053666651248932,1.045587486163827
954,1.0632393801507707,-0.08113596588373184,1.5309149254176078
955,0.5790657148128121,-0.2398708015680313,0.3014684482547884
956,-1.8248128097031597,-1.8248128097031597,-1.8248128097031597
957,6.34994399666761,0.7505167126655579,4.609740120093368
958,-5.64279878731959,-5.64279878731959,-5.64279878731959
959,-0.03192535770606855,-0.31361129879951477,0.32056989853908013
960,2.4363210438773533,-0.1308675855398178,2.364228381112106
961,0.9105396934249046,0.07191075384616852,0.8505044205861605
962,-0.9500585768422269,-0.9500585768422269,-0.9500585768422269
963,0.4735150152740013,-0.671360194683075,0.9679118730231258
964,-2.989818729896056,-2.989818729896056,-2.989818729896056
965,-2.9978089496265303,-2.9978089496265303,-2.9978089496265303
966,-5.979623127110334,-5.979623127110334,-5.979623127110334
967,-0.5846941810146963,-0.5846941810146963,-0.5846941810146963
968,0.8677029751808533,-0.10848306864500046,1.7707108957614808
969,-2.6006706905158037,-2.6006706905158037,-2.6006706905158037
970,-0.1697488404289273,-0.1697488404289273,-0.1697488404289273
971,-0.8500618978621473,-1.9692625999450684,-0.061993576128400424
972,2.5825892469746594,0.17620602250099182,1.6690188680643012
973,-3.278000544226984,-3.278000544226984,-3.278000544226984
974,0.0966274771966632,-0.503754198551178,1.0362554754464661
975,-2.224550326392905,-2.224550326392905,-2.224550326392905
976,1.0043443613444158,0.017388805747032166,1.7212189137167224
977,-0.9639367082320753,-0.9639367082320753,-0.9639367082320753
978,-1.5727301272941003,-1.5727301272941003,-1.5727301272941003
979,-0.9893419497653282,-0.9893419497653282,-0.9893419497653282
980,1.6072948211483589,-0.27511659264564514,1.7270589056851087
981,6.493832467832188,0.8291559815406799,5.755851284924972
982,-0.4794501794098219,-0.6064023971557617,0.03993772287306391
983,-0.5563780720427028,-0.5563780720427028,-0.5563780720427028
984,2.0452640816720895,-0.10812663286924362,1.6833087706603942
985,-4.051452728890663,-4.051452728890663,-4.051452728890663
986,3.8839684633338467,0.1876053512096405,3.6264090707794385
987,-1.1787679402995785,-1.1787679402995785,-1.1787679402995785
988,4.088221369962362,0.48819082975387573,4.246441291142418
989,-10.182502335382067,-10.182502335382067,-10.182502335382067
990,4.33102320148889,-0.04133820906281471,4.595903437359105
991,6.867528527299488,0.2343646138906479,5.049931629325798
992,-7.069805359485191,-7.069805359485191,-7.069805359485191
993,0.6661472937538657,-0.3630484938621521,0.3345636309855629
994,1.4831663257696892,-0.7184701561927795,1.6246822973666637
995,-3.741397688924325,-3.741397688924325,-3.741397688924325
996,-1.0618945022323403,-1.0618945022323403,-1.0618945022323403
997,-0.23089943750010106,-0.23089943750010106,-0.23089943750010106
998,-1.0784430878928564,-1.0784430878928564,-1.0784430878928564
999,-3.637171658611048,-3.637171658611048,-3.637171658611048
