,0,1,2,3,4
0,0.23200799837151154,-0.5536769889413107,-0.08707113618446195,1.2204701326231393,0.0
1,1.5150748556455291,-1.5074280735206191,-0.06634911924396068,-0.15645858490993736,1.0
2,0.3923779949620111,-0.9502725918496977,0.011359050263389904,1.255738518414495,0.0
3,2.3215485606678112,0.04359502565515927,0.13352954760112634,0.9873208958137114,1.0
4,0.3941608570292955,-1.1690146943425188,1.6492733726715734,3.31911624894506,1.0
5,-0.4658887376061558,-1.1501911439125547,-0.00823198362887091,-0.1701019014362828,1.0
6,0.4648238683609358,1.0452897724852717,-1.6440967165404743,-0.44351653688069337,0.0
7,0.31567825421003226,-0.176668399847509,0.6242510914574948,0.2564735719251618,0.0
8,0.19512488483906754,-0.5205222803315095,0.39105740862657973,0.6077221041610594,0.0
9,0.24219269610907285,0.6613435231261515,-0.8799773594045768,0.20385531969858012,0.0
10,2.0395843371324354,1.453042853310898,0.1564680159933384,-0.1578378636022567,0.0
11,-0.39068398891594025,-0.756878703682931,0.3773268198264762,2.518496187016594,0.0
12,-1.1227478311058745,0.9897021967895299,0.44227694543154356,1.0952140801091568,1.0
13,1.3061336681101734,0.5616941204492092,0.20170554471261995,0.2922746093540061,0.0
14,0.5561352644815594,-1.3064385978926287,0.40343899563184815,0.6836521708846713,0.0
15,2.3269585329812483,0.6220138062894334,0.13034630726034274,1.199399410592795,0.0
16,1.1375784478923163,-0.36250382317161334,0.6950061740903906,0.1794458757029168,0.0
17,1.795074744229623,-0.6931707731098944,-0.5254669300928626,0.8181104543030987,0.0
18,-0.25465359312784586,-1.0063266475503918,-0.2438884823542469,1.2208220707086466,1.0
19,1.6094398706894182,0.6598026972572297,-2.042724417836148,-0.7423723829920515,0.0
20,2.1373839625528768,0.9830045543497477,-0.689420295040775,0.16717910682313997,1.0
21,1.3447375131750645,1.2028877812298395,1.1267069557302316,0.8583704210327538,0.0
22,2.493329913329979,0.047968547558386865,0.767266106437183,0.7590467186698922,0.0
23,-0.6212415487532936,-1.5516538560730142,1.1498376209989447,1.3266077122852402,0.0
24,-0.9515044068401799,-1.3401751598966962,-0.014514922434352262,0.6279800081463537,1.0
25,0.8088975928425779,0.8140947346085257,0.32875101996466644,0.9593767110080083,0.0
26,1.603427625063175,-0.8732227577985339,-2.5484364515557707,-0.22586420275243035,0.0
27,0.700766580403672,-0.6391936767230337,0.4650617469400916,2.0507012107251654,0.0
28,1.8916546240679115,0.02699216092035167,0.543373488477077,1.4448109042831874,0.0
29,0.3977504109619615,-2.282783054990265,2.299652000167694,3.8283622219414797,1.0
30,-0.06574929463656054,0.5697526146852108,0.2504105772108952,-0.12891713832799345,1.0
31,-0.13724135486105327,-0.525692539960479,-1.2315180365098513,-0.7997252547890962,0.0
32,-0.015588511117734294,-1.5746775930495267,-1.3740817603795734,-0.7586763726425513,0.0
33,-1.9849176593353928,-2.1711555323189278,-0.5499627495845911,0.07015122584456912,0.0
34,-0.7872802492001982,0.7974418979759519,0.6166868658348104,0.8860578596746274,0.0
35,0.3683374880639996,-0.8552570174205916,-1.5429510858806974,-0.6741150661562817,0.0
36,0.8404986651615722,-0.6431580816252824,-0.057481057722427314,-0.2245640144531853,0.0
37,2.9586222451201865,1.8695604710960894,1.3489172702538461,2.1344805326153686,0.0
38,1.5736235333659248,-0.3361718851608552,-0.5727383647206087,0.6187145698083357,0.0
39,0.9199446543244354,-0.2969600353019911,-0.2353512697103236,-0.564033689871197,0.0
40,-0.10249940939284263,0.20986136962694807,-1.257209396833624,1.3204988401789808,1.0
41,0.06201270007955828,-0.6921804367466606,0.5429474587296218,0.09321482204561504,1.0
42,-0.6192659070673667,-0.7831493899795406,0.5286959926777951,0.3888017060800677,0.0
43,2.0080650416790897,-0.1739947248437956,-0.46198617301431316,-0.6903376701629315,0.0
44,0.1479954398973835,0.215977758447573,-1.7382985444854908,-0.34233799480924987,0.0
45,1.0464955443211934,-0.2163370281575283,1.968222031316212,2.2489820537053897,1.0
46,0.11535961280485735,-0.8533522317958637,-1.8011508028188095,0.5821953016233458,0.0
47,0.14792824898570495,0.6756458985095912,1.3186847393700496,2.4648085663139874,0.0
48,0.9153772163831146,0.6659513425571759,-0.37994517086071405,1.2177233315903848,1.0
49,0.3037042025058551,0.5127823835656518,-0.7215981891573812,0.834260917224499,0.0
50,0.15930516288346402,-1.2187640481381927,-0.011537693169630738,0.7905187128760772,1.0
51,-0.9455520197431782,-0.17263088671551197,-0.16038513527195222,1.126415052169318,1.0
52,0.6328162291068311,1.38380280767376,-0.38264470018639396,0.25357296179735206,0.0
53,-1.122939354331876,-1.9108356978896435,-1.954634781352455,-1.8642144316831404,0.0
54,1.491309222157855,-0.9461971748515572,-0.10445283769690555,-1.127326082858791,0.0
55,0.9294443020756753,2.1525669706300192,0.0045341234235264155,0.0593749613530179,0.0
56,0.037446242807783414,-0.23802473517310138,0.11695938822959612,0.9651368941919667,0.0
57,0.12918826638621145,-1.1707982448478527,-0.18517363236514378,1.0185367107724992,0.0
58,1.7552156054216137,0.49961944385284024,-0.4995664164680909,0.5110325752085143,1.0
59,0.7542897398234207,-0.5190309038958922,0.6494989753853474,0.6834743678905165,0.0
60,1.7781085577769542,0.27732845721463234,0.585069609931188,0.95940438776,0.0
61,0.6931039347507055,-0.7935582491779132,-0.03906788484353709,1.0568069241763376,0.0
62,-1.0617490343396094,-2.1125702399670443,2.8069817620854907,2.2274580739860665,0.0
63,-0.34096967583439297,-1.6407127781190738,-0.13853102156469224,0.6473178489686285,1.0
64,-1.5225419549084176,-0.22263670566215693,-0.4457980780836752,0.34602693914200977,0.0
65,3.774390297695246,1.9911486597024892,0.7832507124109074,1.3700036135227514,0.0
66,1.4171917364644546,0.7763745266191071,-2.0598529487118027,-0.2284073468598008,0.0
67,0.0018203299625527691,-1.5173568824270527,-0.014590076182832257,0.48087470410241884,0.0
68,1.0008298232835586,1.2376263746926006,-0.17184459410499758,0.6239833871768024,0.0
69,1.034652055841103,0.4309072531395269,-1.933041301261805,-0.3082803061160827,0.0
70,-1.2506411081399706,-2.0158834280872155,0.005093924526633671,0.6313133729111724,0.0
71,2.4103912783750214,-0.14965286090891053,0.57194857797191,0.6075672168890229,1.0
72,2.1333824764842335,-0.838958989330943,-0.5968940445298467,0.7847158771592926,0.0
73,0.3506603123747498,-1.9264430779914534,0.9275261717071682,0.2812939962287908,1.0
74,0.052312278076465324,1.3536986445666137,-0.7944049964320307,0.15694919282987846,1.0
75,0.30962954612576743,-0.8789597006421523,0.7932650752609542,2.3819195877602706,1.0
76,1.7516760345199818,1.008946560448158,-0.013161190213311379,0.9401865090812818,1.0
77,-1.187696649128379,-1.0929201660306127,0.46457776441275367,1.2098685921492942,0.0
78,1.256877419605686,0.5926279060285702,0.3381504713656651,0.5993326145129457,0.0
79,-0.652829912330394,-0.4830408005529208,-0.11055461118289732,0.2921219161123315,0.0
80,-0.5063885804653236,0.5116559581385569,-1.2305170943520345,-0.11921458000522156,0.0
81,0.7811356714192155,-1.2489663453182154,0.8672341466985666,0.76473299264801,0.0
82,1.3413059399025136,-0.7625995589118701,0.38660151161090855,0.5526787437573729,0.0
83,0.2678129495705803,-0.9909403287175373,0.29615365761330775,1.2257131247724187,0.0
84,0.18942513632561436,-0.8994919484220032,0.19145939041068255,0.4136612317475895,0.0
85,-0.9053147451713006,0.6855362769546562,-0.5651685696070298,0.01492594917922796,0.0
86,1.296197734178651,-0.8692773178871924,0.4639931964273405,0.7901912202337362,0.0
87,-0.6930097783667231,0.3136782534372749,-0.4954754224589324,-1.2928505570780824,1.0
88,0.3004182876583352,-0.9608332222349418,-1.3359316408753277,0.3822863082347814,0.0
89,0.534405822840193,0.8103681814108437,0.2897072148327906,0.906455972018927,0.0
90,0.5110077056799638,0.23833870529958096,0.14242264564058757,0.6478868565382022,1.0
91,-0.89282100698755,-1.6027915059769657,-0.3570922915833576,0.7192332500449097,0.0
92,1.519766543023266,-0.006036444686843556,-0.10462110309045508,-0.23037209346344367,0.0
93,-0.2638531294867681,-0.9081166235261369,-0.519637524669238,-0.569213709419132,1.0
94,0.12293274197362414,1.1169273156844328,1.0689286693296345,1.4571579360828621,0.0
95,1.1894461516085213,1.1458761804028017,0.04310931337555322,0.6056439862513828,1.0
96,-1.178462484597306,-0.0734224582710315,-0.39717089174808795,-0.4017940458413529,1.0
97,0.7653044889547549,0.16372336145616834,-0.2586165264336931,0.7378946439472819,1.0
98,0.9446197980706257,-0.1366059204043506,-1.0251456303351332,0.4024936255612915,0.0
99,1.201933140934654,-1.1343212418010098,0.15679894517352805,0.8127128348770472,1.0
100,-0.11249132481428359,-0.5097556502436482,0.23910862953878176,0.7293740669690931,1.0
101,0.020120037198420593,-0.14878717317711931,1.6800693960546804,2.5536610146941623,1.0
102,1.3905022697451987,1.308018979714198,2.725497759828066,2.6090840850324475,0.0
103,1.8076252349905675,0.35050816538548885,0.10142912225756272,1.0584046175930395,0.0
104,-0.4551691105626009,-0.07711460611293885,1.360074590781434,1.9846990991001676,1.0
105,-1.5406508208710203,-0.4076279797131687,0.33373348013227433,-0.12227271699090769,0.0
106,0.49872590447590864,-1.210351445389277,0.48944908040735907,0.4823855158309487,0.0
107,-0.5342088016120301,-0.8513541177398667,1.3632121078080686,2.5484161680776185,0.0
108,1.633225492895123,-1.3432140598911457,0.20814868461928282,0.20633352067617217,0.0
109,1.5965776860509597,0.08742766992128587,-0.1808337740213403,0.06815274454971887,1.0
110,2.963082336426294,2.4793713531816675,-0.17556801168775968,0.5221179038241263,0.0
111,2.2566418807888904,0.32790744665227806,-0.43507904654864066,0.48520869411247636,0.0
112,0.6730559552124835,-1.9530793688583679,-0.7959241023192539,0.12462887001396938,1.0
113,0.8051141337877992,0.09927459973625524,1.7449385261023127,1.366549987487855,0.0
114,0.20826307070787198,-1.0373377892502034,-0.4625344718518552,-0.5511164445170299,0.0
115,-0.7725576318598633,-0.9239900476930223,0.6428431657762331,2.3570285777276183,0.0
116,0.8780450243638325,0.40443552511300823,-0.11010610076477242,0.29217272863275934,0.0
117,-1.3175518735497254,-2.1415261213629844,0.16967268310141487,1.1883613485515347,0.0
118,1.4288693278524893,0.8752914780586216,0.515270641101778,1.1990547132496396,0.0
119,-0.39228656988094557,-1.7019989101770108,-0.26692779108393283,0.3424048459646009,0.0
120,-0.293591158657696,-1.4475888004128825,-0.7423243816409195,-0.5576592509541877,0.0
121,-0.17548115608356352,0.40974733319066264,-1.0450629072310738,0.7451702226943171,1.0
122,-0.24428340718566566,0.24397825643507726,1.2306767356822446,1.2675285681796828,1.0
123,2.4181565896247963,0.550053900598295,0.2919588451024467,0.024980635840785248,1.0
124,-1.5305483647164415,-1.8437191061711011,-2.5955736708132293,-0.644066853385196,0.0
125,1.7438124553132823,-0.7759179487820516,-1.8690547829791058,-3.8578252299403846,1.0
126,-1.9749008048683443,-2.4245180019389476,-0.32213675078620074,0.919444724624935,0.0
127,-0.638988527374444,-0.34909159702011955,-0.5191812046114302,-1.3540517751918508,1.0
128,0.28279550885878424,-0.9718137700048612,0.6109602771937489,0.5780242673048792,0.0
129,-0.1986358715412584,0.8744954241080054,0.8096382066294561,1.5526513052379092,0.0
130,0.14697349347036104,-0.1757883168411699,-0.24121422279778398,1.5063656930652307,0.0
131,1.2156762812570547,0.29938656483985787,0.0695734489696437,0.2736885837108619,0.0
132,-0.9352268746722023,-1.885220302948164,0.2968352584966126,0.8963045019660748,0.0
133,-0.03982825320840144,-0.09726394233989308,0.0631890245568183,0.7874362551049827,1.0
134,0.24944678185219954,-0.41611536404094207,-0.27352857846395034,0.5741672365628522,1.0
135,0.769628878652346,0.6373653882319725,0.25767089252942516,0.8357589882218126,1.0
136,-0.5346007355039726,-1.8049651072951425,0.4404411536012063,-0.08872969947828213,0.0
137,2.0098549154004006,-0.060499098091734205,-0.4521315097617056,0.11350209159490976,1.0
138,1.7063886333426188,-0.27502627476789804,-0.7536350695096601,0.1063178711376967,0.0
139,-0.8477414430430088,-1.9431716407897281,0.159790987131444,1.075138936856504,1.0
140,0.24055417286368014,-0.6735757668028775,-0.2979027253458902,0.4577111999053071,0.0
141,2.100082978638592,1.1432639662580408,-0.4591779276251526,-1.2598206327416963,1.0
142,0.317417883186227,0.22092264274667234,-0.31219469272564154,0.9431417149460111,0.0
143,0.4440265447364416,-0.6621992144608602,-0.49589551053196124,0.6291273703655522,0.0
144,1.635675802466075,1.547494972546807,-0.8917584322621759,0.47322701475027795,0.0
145,0.6740858082505078,-0.024821627259805856,-1.1791050023661787,-1.395624824229876,0.0
146,1.6094042075053268,1.3454784697384146,0.5095489748724841,1.6605647153702336,0.0
147,-1.270560349211883,-1.2124177841745007,-0.02718829436909988,0.501806695727025,0.0
148,0.6475457714511782,0.984193268413692,-5.74334347401842,-2.9034881012850438,1.0
149,0.4323318657295533,-0.8445919443789709,0.4175860225917394,1.3932775091600575,0.0
150,1.585697378886549,0.5276853846327509,-0.249311220910872,1.774599876137561,0.0
151,-0.2619251441430417,-0.32087315329249905,-0.02077336957153511,0.5633590152751715,0.0
152,0.9314056724789761,-0.4810575385581324,-1.8317687469549984,-0.2398223735811953,0.0
153,-0.17475223687771801,-1.706003423474971,0.012322164505110242,0.7142011420297136,0.0
154,-0.8139743968462674,-0.5801004044209077,-0.14983713752074942,0.11843598704426711,0.0
155,0.7488705476508705,0.5075069300563093,0.815309540375297,1.3603366318311867,1.0
156,0.8531926242813405,0.7179850408019353,0.7016316008404143,1.5307385205060844,0.0
157,1.024339206318707,-0.3016366196602027,1.435119841694773,1.5395570892786197,0.0
158,1.950707589507136,0.5729388246486102,1.0622323373113398,0.37289125232553477,0.0
159,1.4312171467796495,1.9578599240886316,-0.32299849800071095,0.3078924273481737,1.0
160,2.144336842936605,1.6693960339400642,0.21380313288320513,1.4670789136292868,1.0
161,0.8536218031083875,-0.461627702900417,-0.8281760122599905,-0.6791554629666346,0.0
162,1.2664652150720217,0.4342879369567431,1.2957687298160696,3.7603957408607904,0.0
163,-0.33489995032763265,-1.256817535350599,0.25568817710213126,0.5151179069940169,0.0
164,0.17811008153363117,-0.03410593674250617,-0.019585340685171496,1.7581200592008823,0.0
165,0.9023653842553465,0.4392381816630801,0.2524130380032002,0.5982873274629362,0.0
166,0.47988063711440054,-0.46330991475062544,0.7287063168768474,1.834979011370212,1.0
167,-1.563880332820096,-1.7116947643515081,0.3515885610063973,2.2740905634438886,1.0
168,1.3933444761027816,0.6759320952258159,-1.4519866311001233,-1.6101796269779451,1.0
169,1.0552668088287205,-0.1266398722640497,-0.19460648781108073,0.583868389826445,0.0
170,1.7232179446235891,-0.9286058482268815,-0.05852573841148374,0.4321914600166181,0.0
171,0.7643417245758675,0.2552911668438312,1.1249750466474686,2.8388384162880653,0.0
172,0.5676261073246724,0.8226505159762307,1.6095940118895267,1.3744720726788886,1.0
173,1.5134737979781692,-0.9258195694083224,-0.12216542730286192,0.9172425366698851,0.0
174,1.1867281461962045,-0.65830883154286,-1.3856935664381707,-2.8455230461334415,1.0
175,0.43772131756929344,-0.3018676633890255,-1.4392696189179954,-0.3449728562275616,1.0
176,1.4815882657957948,-0.6408843707494157,0.651437210051493,0.5384060802409785,0.0
177,1.4040591195458385,-0.17539190441329824,0.0397340130179856,0.5364823868582931,0.0
178,1.7544767955317855,0.512549854703644,0.13466063668265907,1.079777427114517,0.0
179,1.5358949484272526,-0.19454737434758107,0.271896506224815,0.6119191511604585,0.0
180,0.6437212692360148,-0.49613152387202786,0.19325699998013998,0.8260894520555565,0.0
181,-0.07187717802772098,-0.8045492545532623,-1.2821827733183604,-0.5892423357598097,1.0
182,0.44437347837128005,-0.7834215508799459,1.2806869645518024,0.714847079405826,0.0
183,0.10244504474806965,-1.7237216626346237,-0.05730407012355956,0.46152657800114993,0.0
184,1.9135780575883041,0.2117218964354684,-0.14655858779238917,0.7407527192250277,1.0
185,0.7360978484091112,-0.29460935997332643,0.11863042100315548,0.7637780406136454,0.0
186,-0.11444593704673123,-1.8470607785626663,-0.4762435752198449,-0.7686215125019825,0.0
187,-0.6874006352607722,0.36303800519380786,-0.6187694768046891,0.02252340857291424,0.0
188,0.38739520005496014,-1.1985630631018187,-0.849152834342485,0.6874420705119164,1.0
189,0.1650814495583141,-0.2593433453171651,0.04686307566260522,0.8111179680822079,0.0
190,0.8238265812696921,0.6894562160312809,1.9502061457760196,3.513145114852859,0.0
191,0.42707511411455557,-0.44977047065118475,1.8702230260138648,2.953497920419185,0.0
192,0.37017168128141825,0.7480435484221275,0.320921196487902,-0.5749220536241862,0.0
193,-0.6884361611059524,-0.8222031619261567,-0.3156478858856006,0.1789074086959856,1.0
194,1.0955073851274288,0.987590645991365,-0.25208068642361936,-0.1775890129583526,1.0
195,0.2853598005030386,0.5899937552137717,1.4558598304447115,2.720528203222076,1.0
196,0.7452490123860893,-0.13072046755882621,0.17081534131237114,1.206828236180066,0.0
197,1.2475288341773414,0.10351031385691734,0.3445849088704165,0.4038009626805501,0.0
198,1.667894039780057,-0.04021095357552845,2.306419645694027,0.6046432319250584,0.0
199,2.710906308665622,0.15953507364846364,0.6904783081124004,0.595357389091674,1.0
200,-0.5194210100587968,-1.3718422126312024,-0.09951859533313931,-0.23087184331067623,0.0
201,-1.3510882627072924,-2.3496095933294754,-0.5431937309390662,0.573302924946823,1.0
202,-0.586926907706899,-2.6321787562619563,0.12806458709853435,0.15714425274773625,0.0
203,0.9465933369279995,0.8557217418694985,0.844225688633567,1.09078612285819,0.0
204,0.8984318262855144,0.542388351671969,0.16483114438931623,0.8105498168316105,1.0
205,0.42890029820438424,1.2144235703516713,-0.5008249350323783,0.9646832253582932,1.0
206,1.9406641904342148,0.6436752123341387,0.2594673418636775,-0.2500108791800686,0.0
207,1.7775022345471885,1.3570065279896013,1.2573687009827204,1.0178959240713366,0.0
208,1.384385158452145,0.3921991846905953,0.2151992504798154,0.4149220077430341,0.0
209,0.5033481890332798,0.01692531582138046,0.7010353055824912,0.7506673982009013,0.0
210,-1.273139052249432,0.03597077243878405,-1.022368179315662,0.6926207379554153,0.0
211,-0.8843148174022324,-1.1549784151466853,-0.31968734887328315,1.0685688057444076,0.0
212,0.25341632277206483,0.4610876413319724,-0.11524963025994643,0.2964300669484333,0.0
213,1.0710733899118177,1.3734574306440297,-0.17888683866207425,-0.4013959993267513,0.0
214,0.34570715905176774,-2.023833231200432,0.028905930112766064,0.39038334547878095,1.0
215,0.9453267154647331,-0.33057492480638734,2.049337993718172,0.9417875215806912,0.0
216,-0.9518529287128219,-1.8226684479662816,-0.2944578527257482,0.5084640768400941,0.0
217,0.128930887478933,-0.7114562423330766,-0.29040273686364754,0.06778207617866727,1.0
218,-0.04913907153621144,-0.4716830457187298,0.3907582694865656,0.38654874994014154,0.0
219,2.9115810894814818,0.2825372158955423,-0.13292863383410788,0.47609292568067446,0.0
220,0.8514083687639675,-1.0647045567859335,0.42533058157106857,0.766904689846001,0.0
221,-1.5677865597034946,-1.5133114263886118,-0.6481332834402104,0.8514827345375993,0.0
222,2.386993725214925,0.9413110083268568,1.2415886269459162,0.7145618877461548,0.0
223,0.6780878889779947,-1.0197838518826492,0.5737322599508209,1.063274829900135,0.0
224,0.40862872217349494,-0.8894058070221165,-0.3851779898626278,0.1521355690378247,1.0
225,-1.843754292151727,-3.9094999676065547,-0.023435267200172496,0.354532660148786,0.0
226,0.6567884241939872,-1.4252027667710165,-0.08672261183322753,-0.5735392936822704,0.0
227,0.27965818190521075,0.411318958749659,0.39921882290460303,0.9956659936413274,0.0
228,0.6654476166059899,-0.059449185569245555,-0.46809772476469136,0.15275560390321358,0.0
229,0.565717831560396,-1.1689802894183419,0.4802401958117405,0.4486503714937672,0.0
230,-0.1048417668593622,-1.29250226684497,0.056053474846252956,0.6440486655623913,0.0
231,0.9865366695824104,-0.5104665480638975,0.6606108798822676,-0.0484588536837105,0.0
232,0.5783732116152682,0.626563091422246,-1.0151827131071378,0.2317303308854387,1.0
233,2.0442320301520542,0.5243292549858383,0.019109046686529133,0.19447589512070484,0.0
234,1.1962431138547762,-0.14579947906132024,1.5552961468149022,1.948462104350138,0.0
235,-0.09882369928246504,-1.2910615986612106,0.40449002674887374,0.21937348325076367,1.0
236,0.5477184499843513,0.10011785946197183,1.070223991534471,2.437803933695421,1.0
237,0.07596136900033701,-1.1156389675123288,2.245018220883253,1.411733207779996,0.0
238,0.10075038359623611,-0.7895974983224614,-0.6492194402055231,0.423177420627132,0.0
239,0.19587807144939018,1.530563293676355,-0.17115697381956813,0.7553617312730365,1.0
240,-3.072095629833494,-2.890710450436689,-0.510672390700557,0.5095291459547482,1.0
241,-0.26194261431272103,-0.9614686353227786,0.9043597367442329,1.6415742557608168,1.0
242,-0.19174881839467273,0.014672235267747191,0.514246793547023,0.25265325392798593,0.0
243,-1.2136776312497775,-1.2048798018002715,-1.8493809456762917,0.041444858151206576,0.0
244,0.636414399672106,0.4592672367633624,-0.0030431416003459575,-1.328629446594332,0.0
245,0.9761616106114914,1.11758937095612,-0.25383577395701146,0.6324045505068896,0.0
246,1.3504564761239886,0.10493285080154896,0.8032685910460815,1.185228040274068,0.0
247,0.5254733330769394,0.2992160822427761,0.11895940522465114,1.0363194975209347,0.0
248,-0.11158839313303892,-0.3878143730264751,-0.6863403221079215,-0.35387533934806226,0.0
249,1.815773330569272,-0.1984682006045901,0.6492476677014948,0.47954557053337304,0.0
250,-0.5152766739871506,0.33499226311088465,-0.18325742124188024,1.3302194294326255,1.0
251,2.030340969564916,-0.8924458435960378,-0.2333523630123969,0.9699395899703862,0.0
252,0.6902955631944294,-1.1497415400235076,0.1337264987932385,-0.15499606534436872,0.0
253,-0.4115347982134703,-0.5914754765644681,-0.5510656055589395,0.1991494683507372,0.0
254,0.6574075970063512,-1.5656307248796646,-0.6033595843235524,-0.1558473232941704,0.0
255,-0.31815719270071774,0.7122321209668259,0.786415476308243,0.6628291618205822,0.0
256,1.817799363225353,1.3776293106373545,0.5727781666859137,1.6108038774377906,0.0
257,1.8494982652373817,1.0854654763368068,0.5870131183675344,0.8802449669401221,0.0
258,-0.24622308988832442,0.3880358481830342,-0.20760887113170678,0.8423335261510482,0.0
259,-1.2332517701962287,-0.23037638838275937,-1.1812729538803228,-0.8802343027942744,0.0
260,1.4091853973900959,1.4481580250284967,-0.8891145957123501,-0.1599514652644619,0.0
261,1.0112727352195416,-0.6875880584924539,1.222717614093021,2.516478145919139,1.0
262,0.6635254229027177,1.8526237761194977,-0.6023985137451789,0.020327412725041683,1.0
263,-0.014142207358093017,-2.5040428280592044,0.017114907983786138,1.0261296483750864,0.0
264,0.5581248830782851,-1.4280589827704213,-0.13152212420576795,0.8521636136078627,1.0
265,-0.06790413969674602,-0.38536827567585374,0.07670043727253731,1.1990256416267258,1.0
266,0.006239505105671617,-0.9727025503162672,-0.2500155949637507,0.1094846816432326,1.0
267,0.14620070161336374,-1.7283981804299746,-0.040643849011228333,0.700652596532952,1.0
268,2.5688955330656857,-2.2162868677148704,-0.6040712681133292,-0.3448963217758829,1.0
269,1.5351770233341122,-1.5663498214965428,-0.4977936240807368,-0.03182308024072278,0.0
270,2.6894154673706128,2.6600916227532423,-1.6425361152182592,0.3111890093547111,1.0
271,0.09864788827755872,-0.15343082943957634,-1.1425699283787782,-0.5927340384750294,1.0
272,2.988442701817532,0.13839543459199571,-1.5138598808132655,-0.218703669642056,0.0
273,1.218838874152899,0.49293769044357144,1.040513869388011,1.777763135883324,1.0
274,0.9486283106941377,-0.07577725614115505,0.03799276128929519,-0.0675321394376519,1.0
275,0.7415504867965199,-0.2286744783476236,-1.7384183350753408,-1.9160396630670316,1.0
276,-0.6555902157072797,-2.037265218411019,2.41163703135524,1.1603692920808566,1.0
277,0.7275654423688394,0.0676604831522799,0.8418009693037343,2.26305004414756,0.0
278,1.7632207327932758,-0.9779607244999775,0.1688274978544684,1.3411947949726688,0.0
279,1.1779144179139431,-0.20233071028233918,-2.3346108491000335,-0.8435263941185801,0.0
280,-0.841656216346905,-0.42055686559769634,-0.25027483797947586,0.07245894391093433,0.0
281,0.6541602713982114,0.06090214473913125,-0.1258271689524851,0.47357549790859715,1.0
282,1.0654126222825733,0.5005543991106269,0.37341745053511005,1.4073138592657815,0.0
283,0.6124302622879603,-0.7755301775661494,-0.33715561539147926,0.31658506993431507,0.0
284,1.3777690854494957,1.6565778665737463,2.364119265581243,2.4035053186532807,0.0
285,0.2527780858542875,-0.42574030935923735,0.6538137833148937,1.677848339236784,0.0
286,-2.003171546246139,-1.6250912821985644,0.671863494117813,2.199685534952712,0.0
287,2.3963808484176976,1.6567972907129718,0.9403829548734814,0.9978000336385493,1.0
288,0.8200955650231372,0.02204517988621063,-0.8901079047425229,0.1914622952784808,0.0
289,-0.4400539123506946,0.5030710713262905,-0.99140233930885,0.36437503799674165,0.0
290,-0.032585030167084805,-0.9394004056409313,-1.0174732967089186,0.8484502190079577,0.0
291,-0.2569803880821615,-0.6103577971311118,0.0027428240717509516,1.1139452839068222,0.0
292,1.8839987702708147,0.3980226906562346,0.12554488285989748,0.8401365408085948,1.0
293,0.6746842588785927,-0.13496656067417662,-0.5676593656095924,0.095976339209704,0.0
294,-0.18511421198750933,1.1795266808710654,-0.17606489413645193,0.35880446981675285,0.0
295,0.623432492491242,-0.3186801090903122,0.05180569752411686,0.5679659383487194,1.0
296,0.4680611525542826,1.133483157608077,0.3464034250762955,1.7694951281699285,1.0
297,0.1997311842715605,-0.10014515630180401,0.59557430573009,1.1350224934188455,0.0
298,-1.6753454326099169,-1.9106400611394372,0.28888842694715644,0.6446991684434737,0.0
299,2.2153188923940865,0.923888470553333,0.04619123939367469,-0.3397063916499178,1.0
300,-1.8791582900798653,-1.2249991024191749,-0.31958502871104033,0.8021122876090807,0.0
301,-0.5824243961327948,-1.278945636724433,0.931396659144242,0.638280389013871,1.0
302,-0.17135535588137252,-0.20039681062146417,0.6839171237171705,1.6597874783918352,0.0
303,-0.46887275849158816,-0.5159308302883254,0.5858196808564204,1.2438541190408674,0.0
304,0.1759931528810283,-1.5672498194987214,0.2736787846540117,1.9262912961097807,1.0
305,-1.3584962398836997,0.6625417866105487,-0.7534158249433613,1.1791113958080435,0.0
306,-0.39683491625508815,0.6368326153858241,-0.3829331619113357,0.7293984023595772,0.0
307,0.42581149894703296,0.06727416318863949,-0.25159407333129363,0.5037234066901126,0.0
308,-0.27813320016021126,-0.9926342311489889,-0.09093610794820434,0.20328996412956746,0.0
309,0.5642170037325347,0.849352801700872,-0.4054164567023132,-1.6646690793864565,0.0
310,1.314507082544206,-0.7482046937471649,-0.10056132472895789,0.7450006002883001,1.0
311,1.1854187038218138,0.30111148791322645,-0.7073303100202251,-0.7802501669517042,0.0
312,0.5158141087305907,-0.8547931555429469,-0.15420250488949777,0.19026171254104135,0.0
313,0.873451841499793,-0.3391462426951738,-0.13233580848748527,0.8042278542857487,0.0
314,1.027283658564131,-0.8077467984927089,0.6365861177772534,0.8404341136980589,0.0
315,1.2260810515286984,-0.4851701871358924,0.8429271230627997,2.8906906805929307,0.0
316,0.7764309786261401,-0.691320552159024,0.028401342668765216,0.38012496033037274,1.0
317,-0.06109230393804632,-0.29203117668380163,-0.1244575609528216,1.3320254212072797,1.0
318,0.29965476510774924,-1.3735798096989744,-0.12087790373899339,0.7417152108389773,0.0
319,-0.5070799575940783,0.35837969481071247,1.8134087827745642,1.8786963204897327,1.0
320,1.0731943457238438,0.2881059694009422,0.1535401349999312,1.8441872390753042,0.0
321,-0.0912768393491985,-0.2201715965987634,0.17089146638287478,0.576314319935396,0.0
322,-0.5132721029063265,0.5951936613416267,0.943665939853486,-0.33255099387716813,0.0
323,0.4426410147135541,-1.8422390674726863,-0.35918933271344783,0.6726908017193849,0.0
324,-0.9390514290863705,-2.9605960706113166,0.305723097457084,0.7374469961139309,0.0
325,1.1326357984465418,0.5598023713849805,-0.4019857238418069,-0.14887290630004368,1.0
326,1.5384132553079257,-0.8163194908911724,0.441124036166842,1.9636730245016092,1.0
327,1.7258753144577428,1.0446592020620056,-1.4017124220596382,-0.023624756835790572,1.0
328,1.3820669000338937,-0.048635314047257405,1.3613059564452734,0.5165696398854299,0.0
329,0.8760507225822777,1.2406667868093906,-0.29817384454351686,0.14516620050080203,1.0
330,0.8282716913994141,2.1271787290145987,-0.45323916119432867,-0.4911145521752568,0.0
331,0.011812368255300909,0.2151984586268934,-0.34529986174522426,-1.5064242200222888,0.0
332,0.5063020302729866,-1.2487537877058128,-0.44821096733530835,1.225523002040322,0.0
333,2.1950930048945785,0.804884489559111,-1.0496263613278956,-0.2223937018473361,0.0
334,0.03393068729916804,0.1874366597904727,-1.177404326591536,0.5995372605285277,0.0
335,2.5824239783857648,-0.3607265274041867,-0.41315420774282563,-0.8659418628557128,0.0
336,-1.9529034130985847,-1.9819257843744145,0.4270765652386278,0.7475157524362774,1.0
337,2.0108028133976066,-0.15252365821080924,1.6998528101793449,2.6130034338298116,0.0
338,0.0069716290738455755,-0.664860579786861,-0.5940939885854541,0.22519887539016503,0.0
339,0.5783786807654341,-1.3976438861059906,0.6180876070447228,0.5848675910908057,0.0
340,0.9093266093136279,0.2035291114080831,0.24290924921146095,1.7298864443218585,0.0
341,3.537271412381757,1.1128747494945788,1.0612575198222471,1.6370106820990902,0.0
342,-0.3429167540775695,-1.1590916022061726,4.924170765757175,2.5541781365683964,0.0
343,-0.2699840170183716,-1.562387903685263,0.6974432252933268,0.8342121202078595,0.0
344,1.7667017553270408,1.3154825946044348,0.03443944028696932,0.5897346730129565,1.0
345,2.117363724955979,1.4273862413770952,0.7490355538898132,1.035783609495403,0.0
346,0.46203023107923213,-1.6834806187151075,0.09339509315595228,0.7407362722625929,0.0
347,0.015398117707797643,-0.2877541363653532,-0.48801246431495415,0.2120771001257914,1.0
348,-0.9306527783716676,0.6066210036590782,0.7053994290220874,1.060963919609015,0.0
349,0.5665782757887057,1.2234206373624343,0.9950866107748159,1.647439044421966,0.0
350,-0.36528980265510924,-0.14403059656284084,1.7794995843023806,2.878880181087723,0.0
351,7.442410470637206e-05,-0.5223103852629758,0.4990997049232333,0.9996805549380243,0.0
352,-2.031557250187868,-1.5737737682029622,-0.943721290430131,0.37806247438479057,0.0
353,2.028676060986398,1.0245278145408003,-0.6874358079496931,0.5458014789628357,0.0
354,1.9413614714773821,-1.9494992979618746,0.08382587934364377,-2.316111805603704,0.0
355,0.5542531903412529,-1.006310127641095,-0.2292890541490368,0.14486227614293584,0.0
356,0.7304075230421364,-1.0314982991842039,0.5166589717885104,1.2158386102197443,0.0
357,-1.643107905420714,0.5703419012618669,1.7953292519398765,0.474349551903373,0.0
358,-0.4574912761251142,-2.50428165502903,-0.13658170204698952,0.27088454519197686,0.0
359,0.3953143813132874,-0.7199998095777937,-0.31665918400209964,0.062446960906052396,0.0
360,-0.6504423900039735,-2.2014614317009085,-0.11455402055656594,0.33776630268844754,0.0
361,0.795546473442349,0.44821371846822894,-0.2407699737897063,0.5796360193559992,0.0
362,-0.6269089713653877,-0.7270128148229463,3.6035090568083485,3.027990480577391,0.0
363,1.364853814275015,-0.4244188220528259,2.9551228355500543,2.4723998962644105,1.0
364,1.8654792770272322,0.8058004461859227,-0.852241502192695,0.19502176056414333,1.0
365,-0.9770902699749326,-1.5343126936363571,0.7034419849973361,0.47134826015193365,0.0
366,1.7403506507135036,-1.3187562547278522,1.041085998517847,1.316607416944072,0.0
367,-0.7476199188463448,-1.3727647692720584,0.11446532094373552,0.9877127786966778,0.0
368,0.5228464079898171,-0.49742196458757326,-0.20417878921526933,0.7158284243855044,1.0
369,-0.9581633408267638,-0.8220299139943511,-0.05371660477486256,2.050954324990191,0.0
370,-0.4083873507298138,-0.8070377012126326,1.2828950964904213,1.2631903822897148,0.0
371,1.314961792059513,0.2712043918911728,0.3785204335388132,1.6068390861515356,1.0
372,1.5713592162266012,-1.1449571110652124,-1.0117104741416245,0.6422200287072716,1.0
373,2.4053784589623994,0.5584713271034809,0.490775368759996,1.4548619564171894,0.0
374,1.3194529639397767,-0.479246356924706,-1.5357512554173924,0.009302546700078018,0.0
375,-0.9732465562677983,0.22021375124048087,-0.28613149637219926,0.16145188250525389,0.0
376,0.8979289330631905,0.01728580779783101,0.31425142573982334,0.507080538825319,1.0
377,-0.9576156553641921,-1.2689302620014697,-0.8304807796706944,0.34770966396373587,0.0
378,0.44367535001628944,0.1647373288552001,-0.3097480866220057,1.1679522527731225,0.0
379,-0.49429000677144685,-1.8039703666826123,-0.009446287184172336,0.323308234026107,0.0
380,1.0146728068033684,0.536997462403938,-0.43990221548814523,0.19196360736173107,0.0
381,-0.5957238547109698,0.565808737066684,0.0581806952120693,0.4568248841419388,1.0
382,2.847456000855883,1.2550885709541204,-0.9162485828162357,0.4263492405513886,1.0
383,0.766699489040886,-0.39646247466104145,1.2152467595920815,0.5773085920725484,1.0
384,1.7441276970433865,0.19041502507403346,1.2757807837447064,4.0467114598664535,0.0
385,-0.7208955522635585,-0.44456515768578425,0.07817118203420245,1.030892325835754,0.0
386,-0.27599356594269353,-0.3529953788577722,-0.43810581706992535,-1.1661545844377375,1.0
387,-0.4513147897459535,0.15631980690483843,0.39070883162993963,-0.0022965287878370377,0.0
388,0.20114276542983572,0.6946955817650236,-0.7369388907148527,0.28171864737414704,0.0
389,0.602925747738436,-1.549228818004299,0.9059666062146553,1.1649938842756753,0.0
390,0.4295091011263085,-0.4182328216851284,1.4973919679953762,2.2008809055190586,0.0
391,2.4376862831371975,1.3384339681671278,-0.5022873934758615,0.3444071701968308,0.0
392,-0.4321102872519671,-1.0821141345957062,-0.1366163913395928,0.6446837443673031,1.0
393,2.1990066230318446,0.8804768736435808,-1.422014973050416,0.05085796118483221,0.0
394,1.9105813824112914,0.408405486754514,1.8959627705325348,1.3343238303437122,0.0
395,0.24416167867827349,-0.9497753246666665,1.3984629022389905,0.8506024660648026,0.0
396,-0.04708947690764065,0.13758125195844878,-2.1339277849537988,-1.1866041423137643,0.0
397,-0.4571857081017222,0.6563831717315542,1.2643456295128954,0.6948762359970473,0.0
398,1.0429097963828284,-0.4549593090917648,-0.21612658780906263,0.7813840560812932,0.0
399,-1.888947654006028,-0.6886384487975301,-0.7162909923144382,0.025021118488484873,1.0
400,0.6772050618012251,1.1013828990752124,-0.4656136894173882,0.1630175568914115,0.0
401,2.319745398184993,0.19244330323860143,-0.7832247443396264,0.5756565666099732,0.0
402,-1.5653209359096936,-1.1475052514758668,0.2258728462617,0.5938537049533048,0.0
403,0.5126406446448727,1.4047001442730265,-0.365905864992923,0.01111889177766423,0.0
404,1.1583843054875222,-0.47120126213128133,1.5621514572141155,1.2850912305324558,0.0
405,0.745253862488019,0.18371679911826716,0.23575957970237776,0.2392312613323151,1.0
406,0.9406975785290079,-1.0801102053866787,1.0867915105040833,0.5534574381619352,1.0
407,-0.6517689000757247,-3.2050487611268887,1.0613012794003047,1.0535559897077746,0.0
408,0.6989227866917103,0.1528826933954891,0.3958438019859162,0.5327560914130369,0.0
409,2.6051636124779876,0.6996054831305367,-1.5842077592005182,0.7140835709809337,1.0
410,-0.06984919874090145,-0.8817287345040785,0.5061546411904106,0.5863811847859356,0.0
411,0.6599394892740559,-0.12338282697742353,0.49939899594055825,0.5621610275170281,0.0
412,0.20663159539702708,-0.9094855449488886,-0.009221907585520031,1.6991419841278539,0.0
413,0.6037925036257535,1.2925335844722339,0.23567579822960152,1.1408319301758174,1.0
414,-1.0858604525598814,-0.36815731470626323,0.45134418073962007,1.09987181624212,0.0
415,0.8019461122692941,0.33413111902638387,-0.5631597827488656,0.49752583768325925,1.0
416,0.4973702244918627,-0.635508451978112,-0.09071352886460066,-0.5679226057341781,0.0
417,0.9158087061015272,0.5446130051476985,0.4640662722869936,2.0023596727725357,1.0
418,0.2800322369961303,0.821155585152348,0.6091280558727288,0.7758222096484858,0.0
419,0.9896675941561297,0.4337228916905929,0.4332385461444594,1.3574972409599715,1.0
420,-0.1840379636321724,-0.10795800982604933,0.48273485958044055,1.0556709742475743,0.0
421,-0.5820844377376404,-2.6258020413186705,-0.4997408397558147,1.8379902060823037,0.0
422,1.189934142747024,0.3563934596577191,1.422778731806038,0.9902367355524437,1.0
423,-0.22307913056031614,-0.594894656718606,0.6757604570505028,0.9641031780816824,0.0
424,0.4385409843386188,-1.0032194241026273,2.329043224709951,2.4242752188364682,1.0
425,0.5190651941808496,-0.7117313498348569,0.2664370554013959,2.259430578780363,0.0
426,0.4834382383034498,1.0036867993109733,-0.00061238133076738,0.5625060661111404,0.0
427,0.34907697842636576,0.4869947064191756,-0.00589528896593539,0.6120213075416135,1.0
428,1.5046623180434628,-0.259168577219343,-0.3861235268370215,0.41499883697999174,1.0
429,0.6344886560060123,-0.7326436994978617,0.5378144281758546,2.1119687226336006,0.0
430,0.6497856725605208,-0.08091282988647558,0.4421280007658377,1.1028746810393077,1.0
431,-0.10982609170740532,-0.6103774441549499,-0.13671269091426475,-0.26570321263642427,1.0
432,0.9514940859544245,-0.6370138778473303,0.2205919805503378,0.801719467094985,0.0
433,-0.8545704961234959,-2.3218728111072373,0.37423195224198397,0.3749861799897747,1.0
434,-0.23795335672868045,-1.4802950866929472,-0.41222889627615256,-0.8265833616261312,1.0
435,0.2799212813515698,0.07764195427726273,-0.2606681231246921,-0.5369841743856539,0.0
436,1.1204262916526597,-0.781116545215427,0.7226493032714961,1.352397067114313,0.0
437,0.3511440507465281,0.11825777179305674,1.5102451254194436,2.4554272225646425,1.0
438,1.710842524340821,-1.519014174383258,0.04730924750340531,1.3917909156830892,0.0
439,-0.7556724155780059,0.5182267620105732,-0.12876174846085953,0.5782474086272335,0.0
440,0.25489872409542236,-2.136347852839168,0.12671791632902019,0.23225538290991293,0.0
441,-0.6293477876628373,-1.9666304165624011,-0.3653801712211207,1.1553886369868833,1.0
442,2.0361143676897164,0.1295843999212512,0.19931506581040176,1.1172744358174949,0.0
443,0.7700817466193767,1.1618294477441646,-0.7469088573591135,0.7511973882624775,1.0
444,0.8159607107224918,0.44053199960361383,0.11285381941856977,-0.44221344288590403,0.0
445,2.046439866908149,-0.35606729506899726,-1.0808149292347489,-0.7221459940719112,1.0
446,-0.3535494874236881,-1.1523935416486373,-0.08099684965352419,0.6310602587434628,0.0
447,2.935169989219295,-0.6185469368495201,0.21667848767753756,1.5355022321893044,0.0
448,0.9095374145100545,-0.038507189746404824,0.14527679495035647,0.6292814883635666,1.0
449,0.21204358197783973,-0.1923754963503062,-0.017847126189640877,0.5366825846262835,1.0
450,0.7860032377630857,-1.1322961798284557,-0.03238500472337558,0.7290840833856134,1.0
451,0.7266015550026751,-1.0204521080295967,-4.729144443228108,-2.922331925988695,0.0
452,-0.42168372046027436,-0.9943106534311237,0.16154653298715424,-0.494574870256696,0.0
453,0.19420285797806913,-2.4360837744136115,1.0475362612309063,2.6742955102604395,0.0
454,-0.0771184871211672,1.2221282000843752,-0.5604919253780984,-0.7966054333351863,0.0
455,1.5492211906321085,1.80010649645579,-0.025212086021929363,-0.2185088553333503,0.0
456,0.6496994189481151,-1.0362038065364125,-0.5702757529965173,-0.38336851748184075,1.0
457,-0.2677809475218048,-1.958220114312347,0.493541275283913,1.1507201361863975,0.0
458,-0.09966003142218693,-1.4727544002894912,-0.5737514774158378,-0.7596247439434717,0.0
459,-1.5508494312098962,-0.48754307097299737,-0.612220737980024,0.4535032677657613,0.0
460,-0.1959142989031858,-2.209742601771448,-0.42235677177044234,0.6109182855602568,1.0
461,-0.5230289647860222,-0.710062096168818,-1.2434670634613996,0.21377422593884832,0.0
462,-1.1745461004304383,0.703990579546502,-0.15292382309901922,0.52275773541394,1.0
463,0.16524064881298078,-1.401880559267099,-0.4406697028650709,0.25406554805287374,0.0
464,0.5441325765521842,-0.30247756190966535,0.22524632875126613,1.2423348909785665,1.0
465,0.0714577582948891,-0.6879164441589743,-0.15034269758299793,0.7484166147232525,0.0
466,1.6301816479208686,0.4973957597356579,-1.3194769305718168,-0.16571516130329023,1.0
467,-0.13970462089738667,0.5304845869811259,0.5951869526356205,0.8673328426788808,1.0
468,0.875594550762319,-0.6453785335586446,-0.6060013205516865,-1.2166429418349538,0.0
469,0.18271234355277488,-0.37653280779619946,0.5889851760053432,0.5032252021848347,0.0
470,1.6622457491755904,0.13662839603134685,-1.1323159253692439,0.2145717273972469,0.0
471,2.043337437861623,-0.2724898264908632,-0.15370461415698758,0.7879627731843548,0.0
472,-0.3825966314343313,0.18980912026898794,0.27846699851638357,1.3077193662160154,0.0
473,1.4233108815873041,0.3620144932250324,0.142149894110655,0.5204271760274407,1.0
474,1.050144968160763,-0.9399236729694298,1.1305583229056604,2.3149829849050727,1.0
475,-0.514954882222429,-0.3481028401206561,-0.723328121021915,0.03595133412539975,0.0
476,-0.7088258442967019,-0.13083048641901507,-0.22521886061723592,-0.2194559900483819,1.0
477,0.2684473165565777,-0.7713960318199967,-0.6602092428175453,-1.3694252486711016,1.0
478,1.0394859063026316,-1.5086015310484824,1.0295597423927252,2.1911787770571896,1.0
479,-0.19716832247906946,-0.23151490643970726,-0.0660637538967802,0.35084074366399587,1.0
480,0.12676161555426313,-0.17125279634912044,-1.7615294414499196,-3.686800061675726,0.0
481,1.106826942943409,0.30785885025708376,0.6842856798902573,1.9285573535127956,1.0
482,-0.8727195981918143,-0.1295974750054787,-2.1438201724095722,-2.398336843838354,0.0
483,1.2125077433268578,0.5925235403351317,-0.2030616636183022,1.0752220787294327,0.0
484,1.4243984369402798,1.4096324787373251,-0.41356714192213556,-1.4721692668428696,0.0
485,-0.6271452738649077,-2.0486139459048633,0.37839070877101255,1.1652627475398778,0.0
486,-1.7007316902679888,-0.33872173263161526,-1.1998820102160188,0.1130350517683022,0.0
487,-0.01660578413119662,-0.48966396938061796,-0.2092158908285502,0.8186630257863402,0.0
488,0.7983274044826595,-0.889984460257004,0.16341491567291178,0.9695255161622167,1.0
489,0.34569816790426827,-0.873789469729952,-0.2049735268579206,0.4562409166073322,0.0
490,-0.5142237107036549,-1.3474105329273673,-0.5176779193077328,-0.2933887757333039,0.0
491,-0.3548296448618138,-0.3442949732754396,1.102442866134915,3.0902881050594573,0.0
492,-1.8254090008896608,-1.575652327936871,-0.02916699837398097,0.47182452118282786,1.0
493,1.1031970967476123,-0.48606402993572717,-1.2524531897106665,0.18676906957135797,1.0
494,0.5705026032945699,-1.1272388870426704,2.427245594461235,1.9920985679286427,1.0
495,0.8736116985987912,0.8884356379783866,-0.06740054364441543,1.448927446587897,0.0
496,1.3859421582072582,-0.7298409447354128,0.29655362102274513,1.2485712555590451,0.0
497,0.5106942417379077,-0.6538293518237819,0.24413960032725468,1.820448469684247,0.0
498,0.35127850084266765,-0.16142765588758212,0.21714848558213198,1.906848167185141,0.0
499,1.1684292963968543,0.45039760615739216,0.6980461670725976,2.816714646451144,1.0
500,-0.8967485638739257,-0.917351291888596,-0.11934055676330815,0.6599197247627403,1.0
501,1.6822870863147072,-0.6578649571535935,-0.194595082915557,0.25604268780446493,0.0
502,0.49700812146797907,-0.34861747301324,-1.0979562030023093,0.3917970912707453,1.0
503,-0.19895093440081424,-2.562391386665998,0.37301790372411026,1.6872512870011036,1.0
504,1.0403133923496926,0.6081261557454447,0.4429658699860047,0.9068703612531194,1.0
505,0.864047568189327,0.3912009939447611,1.6939950569156954,2.3861043557526007,0.0
506,1.0824179121351556,-1.1296518352490879,-0.11912515386905433,0.3370855429645391,1.0
507,-0.5079600543597482,-0.0906293569041128,0.0002881070607664161,0.20354430146395003,0.0
508,-0.5316979102227819,-0.8030570989387584,-0.8351539981603877,0.6844075913390312,1.0
509,0.9532419348150455,0.6609156218895431,-0.5560628472980428,0.9553688475076167,0.0
510,-0.6384990638848129,-1.4924699051183656,-0.272531320499651,0.7125398914903733,1.0
511,0.7784585137734854,-0.18435945155374733,-0.24614181103981947,0.1953933593687266,1.0
512,0.25016315856160254,-0.22218282356126987,-0.886335399560713,-0.1739895304075032,1.0
513,1.0398756418060344,-0.08316194627849727,1.1318359476141782,1.0011236672534158,0.0
514,0.6967729626554598,0.7641650488168883,-0.26834359201248315,0.08835181699489975,1.0
515,1.9823314398704464,0.646818554376364,-0.36622936673407486,0.27326643234034925,0.0
516,0.6955831251846973,0.12299958175162917,0.339351003931154,1.0278412740699323,1.0
517,-0.12244554117665385,-0.36277565026281944,0.8156468526104093,0.6254734495538156,1.0
518,-0.33609237948797355,-0.42054375275336464,0.030789419961460708,-0.21321481077185211,0.0
519,1.3210261477596574,-0.5837992539785269,-0.0665482473777465,0.9135127441589646,1.0
520,0.0718789513848358,-0.5645425962498433,1.2946924483862985,0.8932873794834306,1.0
521,-0.3923546032258244,0.9614029915931404,-0.4626011183545635,0.13686175407156764,1.0
522,0.24055583124528562,-0.8031756493255147,2.6657432123184814,0.9212041704892775,0.0
523,2.4576694860660533,0.8112815784122454,-0.2598700278350549,-0.08262272148442207,0.0
524,1.1871813115515875,0.48498596670750366,0.24584537419406013,0.9531575204570151,0.0
525,0.08439434170307253,0.6919090222837365,0.010950930595911335,0.9261986147239699,0.0
526,0.34050400031228045,0.5053461961791375,-1.5790461089676953,0.1442257714821426,1.0
527,-0.6370712631403108,-0.65357384265966,0.33217921249020393,0.5642814449289785,0.0
528,0.5330364662621294,-0.740507672300462,0.24395851716339953,2.246121575294844,1.0
529,0.8499395453200613,0.15007276453682206,1.057363793513754,3.790710613817589,1.0
530,0.15803543114048346,-1.9397784121883193,0.45501564220127183,0.06248675209486587,0.0
531,-0.5480564182868692,0.36592964948406587,0.49729513641952583,1.4464703426640608,1.0
532,1.9544611031288435,0.7276685386672177,0.3335531552229621,1.2558427653592574,0.0
533,-0.41952305193075046,0.36843128365134853,-0.6070428947758172,0.409032237582207,0.0
534,-0.19948706267959526,-1.2162597901139507,-0.7954575126175544,0.10396126858214888,1.0
535,0.6928202847874072,0.8135618359543908,1.7363030874526528,1.431584928218447,0.0
536,1.4848005616106479,-0.2349227468012255,-0.09254081796970215,1.6971089795462002,1.0
537,1.0383648411429958,-0.509123608433431,-4.018172277916685,-3.627456337883467,0.0
538,-1.4150034941036307,-2.323470214605301,-0.46155404025108493,1.1955918730840427,0.0
539,0.5717605177253775,-0.07490210181926393,-0.3662753898751015,0.2840057400613508,1.0
540,1.8127944415982724,0.14531204190397595,-1.0364163336330054,0.46233235903192393,0.0
541,0.6658320616063433,0.47506082544868306,-0.44216874662996514,0.40756367735039545,1.0
542,0.4085721395700536,-0.6351467978505125,-0.34431164491073607,0.6229127943310581,1.0
543,1.79528388298408,0.6550381852024638,0.4046124021239307,0.5988454542752628,0.0
544,2.3017158462865037,1.1540770628210153,-4.1881661710133935,-1.6430294545239574,0.0
545,1.1613836221385898,-0.8118668113064387,-0.42805482317096655,0.8666298720981549,0.0
546,1.36753540516407,0.4121327277741959,-0.16573203178809756,0.6772207481079512,1.0
547,-0.26359177165863645,-1.1899567566103697,3.5699944440050615,1.7908795600446359,0.0
548,0.3563708995305457,0.3446215789750298,0.6286911988032173,1.6276169448696556,0.0
549,2.146041623616804,0.5792974100890471,-0.10260739015777258,1.1137273090780018,0.0
550,0.7055421478265214,-0.9570077559067485,0.04245395407493836,0.7201999298362294,1.0
551,1.5926194211220428,0.7036562731547622,-0.27064606280003933,1.157612406772194,0.0
552,-0.47490267553222176,-1.1503500950791752,-1.419235962135775,0.45824943594380774,1.0
553,1.8922470379795304,0.17956419088259118,-0.12563592575020074,0.13024163500299585,0.0
554,0.6326033711066107,0.007245550067041362,0.043377297576327946,0.6698172077489514,1.0
555,1.654763010657298,1.2395526391447669,-0.820742102494894,0.21323193727377665,0.0
556,0.2978812961370029,-1.440664963748371,-0.6315009413167715,-0.3952747523768154,0.0
557,1.417023220318637,0.6791279900931673,-0.5116429720649749,1.099052756446727,0.0
558,0.8250073621582126,1.0180885258921049,0.5698286640572803,1.1379156185542603,0.0
559,0.10893607573220038,-1.460837179377399,-2.642075397791462,-1.670428195651227,0.0
560,-0.07837193394205089,-2.84436222058726,-0.6346724943361094,0.2601355383494164,0.0
561,-0.6128096222005275,-0.44210743059811836,0.38120427099492527,0.9041287057423246,0.0
562,-0.11231717876315128,0.44289896052588257,-0.009510882308251535,1.0412566101491236,0.0
563,1.220332830561854,0.2933226644249303,0.3027435920377303,0.6397014022628783,0.0
564,1.2563769392335646,-0.21200589584134027,-0.23132863206790066,0.3321018992282871,0.0
565,-0.637161911959288,-1.0445699486358224,0.9400005318779393,1.988857890095118,1.0
566,-1.246343139002256,-0.9986916864243294,-0.34636872059580615,0.0549823469413907,1.0
567,0.9622747694713747,1.6677523819748277,-0.4011451002704463,0.7713504303769483,0.0
568,2.0411395136492736,0.13810567951611802,-1.1554417879239371,-1.4253459577755345,1.0
569,-0.01469430796211768,0.2717589412463765,-0.9220523340925467,0.46970415615476885,1.0
570,3.4531081312049423,2.4125349084251164,0.9998576415322445,0.7357681601899172,0.0
571,0.274675674487595,1.0471970781337818,0.07860163453273805,1.296032147928874,0.0
572,2.0943463455483213,0.08634790471084502,0.18142062440064333,0.5449859880287368,0.0
573,0.8774582494745937,-0.5821287545525125,0.3506169317905155,1.6419073687303256,0.0
574,1.059339503757972,0.5626561750901118,-0.3261452657359608,0.3802763527705725,0.0
575,-0.42755935907968756,-0.12175933389310509,0.2755124173130348,0.4237891405020363,0.0
576,1.979239111369053,-0.7517561287191157,0.46569672012220037,0.7238739182392709,0.0
577,-0.5833751929056179,-0.3034469093133764,0.2788194432421107,1.122366126795916,1.0
578,1.9233294170273663,-0.24751630440871697,0.2301308766791901,0.37016901811817204,0.0
579,0.19989226964892748,-0.6651441498172673,-0.03947005322649396,1.012154056408161,1.0
580,-0.45205509431095114,-0.2645995294027378,2.491311382764057,1.7686472417764953,0.0
581,0.9130538865508318,0.8783506896006741,-0.5527307199224081,0.4917196787362002,0.0
582,0.98010706874192,0.2096162905863052,0.5339786798242888,1.6482123150579828,1.0
583,2.6465384713670415,0.9382446261059849,1.9855660907025448,2.232607280063595,1.0
584,1.7792517916152468,-0.8265253424155217,-0.035064820386692556,0.5943245885348032,0.0
585,1.7781374730420116,0.5005673854878243,1.4626172621676057,2.3014791480177683,0.0
586,1.8992194220042813,-0.3287036497595024,1.2172988398478826,0.6607050959203943,0.0
587,0.34215384812462857,-0.5971472334003862,-0.6100380352776353,0.9383362300200309,1.0
588,-0.3089433633144705,-1.1031820293196726,-0.21349589895535648,0.42831140552718316,1.0
589,0.01747096581056351,0.44136398856633247,-0.31813903501310925,-0.7584415158248027,1.0
590,-0.6881915855508696,-1.3344431625946511,1.653559241259947,1.395564337317477,0.0
591,-1.3037003963909837,-1.197359324441197,0.2542593347827272,0.15178971870442637,0.0
592,0.827082744531672,-0.7428785330909429,-2.698910189923452,-2.03572037051626,0.0
593,1.430499329667294,0.23790847898319062,2.5276736727003195,3.3420146886136273,0.0
594,-0.47426352945017225,-1.0609966306019687,0.7716678751492947,2.3551608649121687,0.0
595,0.2821650243983054,-2.812152063593261,-0.03378251539308052,0.6139342599173125,1.0
596,-0.4927887095010166,-1.0327793073514857,-1.7132667179123782,-0.576023128865513,0.0
597,0.016272658927088346,0.6589212567317506,-0.4774761932349995,-1.0842245649740008,0.0
598,1.3071505312806169,0.7978538432328539,0.08840239961843793,0.6718971474705427,0.0
599,-0.11330240911829059,-0.7596658042005493,0.574933496790548,1.5585175478009048,1.0
600,1.2740070608771368,1.4652251595022205,0.02312733419226746,0.30268441306695676,1.0
601,1.5305359100237035,0.9168587486991226,-0.16449894996398867,-0.2801419178897836,1.0
602,-0.18750660107196648,-0.13873104405330763,0.1243455201726876,1.1787840112256398,1.0
603,-0.17994460444535976,0.19156029039927852,0.015534085739570852,1.3034199603645935,1.0
604,0.038836294132378435,-1.0646076264198392,-0.6927602686156256,-0.6145946129433201,1.0
605,1.627815835284349,0.9474227464821097,-0.18276703371026495,0.7566095234859331,0.0
606,1.2760032851126217,-0.7365764448394795,-0.3128181466860584,0.20061562366987262,0.0
607,1.4095077177572548,-0.49840250647285067,0.8293281108091572,2.3784667614455834,0.0
608,0.6112195441399026,0.3356056099381854,1.0472131722284286,3.150896243166117,0.0
609,-0.4929518848322675,-1.059637107887901,-0.07446097990067058,1.3388104952059021,0.0
610,-0.3155672238090719,0.3371103741466121,0.27018304055747777,0.19167173357568712,0.0
611,-0.23637649731023402,-0.04490156700313924,-0.7627713572104605,-0.09971632529114083,0.0
612,-0.3569454980695803,-0.06852460504222185,-0.9355429778240247,-3.1692907147911065,0.0
613,1.343647652196717,0.49722192101729884,0.39702552931377005,1.8637797897092563,0.0
614,-0.030250256650765195,-0.03744318439347388,0.9917896702489843,0.5081247379246039,1.0
615,0.5341168679509665,-0.2618400713166007,0.3976562451784321,2.227586603903696,0.0
616,0.023569645084502044,-1.605696766042393,-0.8617844006337512,0.35752333078386334,0.0
617,1.450604288876505,0.5685153354804502,0.05779514059206202,0.8217821609514946,0.0
618,-0.4646548392977664,-3.1381086115678754,0.3922874993852577,1.7401678334633601,0.0
619,1.8007984387895504,-0.1756106856997461,3.6205082985270725,1.7450704490937867,0.0
620,0.43629463556970244,-0.35475305100140453,-0.7795359307846683,0.533229862518067,0.0
621,1.3016945331733714,0.6493448847345049,0.12817079822537603,0.5651064452234267,0.0
622,-0.519024323548805,-0.03325661146202735,-1.6135865030860885,-0.34818527504479224,0.0
623,-0.08761189378039125,0.25819623525670904,-1.3379693552399272,0.44227749050235776,0.0
624,-0.2164590113451681,-1.6680518116578595,0.6048750903965798,0.9192036563851,0.0
625,0.1589280282315862,0.7335228887167349,-0.25223862106028755,0.46749724868322795,0.0
626,1.5721596349769185,0.396997803790698,1.7053939408397027,1.048683302673319,0.0
627,0.564577876316968,0.5665930404435149,1.9941780679792094,2.224850744851264,0.0
628,0.9021427357016839,-0.24453783530825618,0.45285653397180187,2.153435178956265,0.0
629,-2.9848663414129177,-1.4622895439468961,-0.3630373615358684,0.4456528606393081,0.0
630,0.8179447776526261,-0.29868483720842565,-0.4642698574914951,-0.551137474983091,0.0
631,0.7469875364984386,-0.6746873091055852,0.867304417823663,1.0634594972977016,0.0
632,0.5793098910578147,0.5276801621097198,-0.09719265261897092,0.9670857057754152,0.0
633,0.46029663635819995,-1.9166916006856987,-1.404223494730759,-0.5411802466897436,0.0
634,1.031942913583515,0.7876643966648957,0.3936319976889093,0.9289502211566034,1.0
635,-0.0211619301874042,-1.4845148240101855,0.12636905746816882,0.23328252869484978,0.0
636,2.0568206697821596,0.40875309555945755,-0.09300920059780456,0.23301053881119177,1.0
637,-0.4829308769380005,-0.9881847803557526,1.4132086939056792,1.6543983067163972,0.0
638,0.7094091070228415,-0.9956037393440438,0.4261672345085275,0.5258415610699522,0.0
639,0.4395394506156179,0.5870632930222366,-1.0543441866139012,0.13216982946793338,0.0
640,1.297561112806831,-0.045329776495817375,-0.009974114694121506,1.238001334095233,0.0
641,1.0941916067836857,0.6592223344642223,-0.4788273067565104,0.31480269818019163,0.0
642,3.0229065916517235,1.3418505019274978,0.2795973291915185,1.0785551619033078,1.0
643,-0.3885645118875417,0.9867023436810243,-0.6111165415237345,-0.5248964386119664,0.0
644,-0.4902897294368389,0.036170955254371195,-0.18919208093769427,0.19085928827898968,0.0
645,0.2842018484425364,-0.513581220734181,0.4291785651808905,1.282431324850429,0.0
646,-0.43425113852713215,-2.004496066986153,0.7567823739368545,0.5784467537040475,0.0
647,-0.6960485689003455,0.3393213091548693,3.4034699930294146,4.78825282203551,0.0
648,1.8519413300851078,0.43538331506608235,0.017458853319730485,1.3390541174758321,0.0
649,0.5311833301946433,-0.45437709034938667,-0.2892319691820934,0.27992202013136924,0.0
650,0.9323301861704522,-2.043153767089036,0.6110688688641649,-0.08378744440702202,1.0
651,-2.0778380962344154,-0.8596592547969639,3.8790042280999657,2.4606496063143344,0.0
652,1.4935074470165186,0.5130741910347496,0.9730004723839363,2.6873073161041248,1.0
653,-0.07289209855171852,0.5467291182445215,1.9852064171491646,1.1822992387187763,0.0
654,0.12778742055592957,-1.157365868683246,-0.030073560668733387,0.8829490912288387,0.0
655,-0.29134510340556985,-0.5861519654309209,0.04282890270354089,0.2885793889786652,1.0
656,-0.27543491354287974,0.08214206004136687,-0.881885757518194,-0.21352995005906483,0.0
657,1.3210018916431854,1.96513366125941,1.4422106194147573,1.174806560278793,1.0
658,0.46780238348634784,-1.2183807689719448,-0.3459349343729716,0.5219448033196817,0.0
659,0.8570979969000467,-1.3261767119829577,-0.8880404989082392,0.43214593006535623,0.0
660,-0.15214826268152026,0.11499252660227538,0.4047469805395638,1.8139981001631895,0.0
661,1.0178327382851278,-1.7508279984010846,3.439929213675581,2.7821359138759165,0.0
662,-0.8596328900598387,-0.5941731932829775,0.35962545696187037,1.0800371860154714,0.0
663,1.9859287413094404,0.32799838651018115,2.552360416534548,2.913220783920738,1.0
664,0.5490264166161178,0.2637849985525153,-0.9449591785199192,0.30208995164637464,0.0
665,2.4690956583454735,1.6189199659947253,-0.15324249491540953,0.7460314954962846,0.0
666,2.0049138559167696,0.7679196311039476,-0.1260563630089742,0.12880049356698625,0.0
667,1.7879687165002147,-2.5652564721812134,1.899964036302349,2.9169262634710007,1.0
668,1.1478231005828912,1.1389822377771681,0.4920528123363083,0.5866852003615819,0.0
669,0.523110611517694,-0.8127713465959308,4.319527700936923,1.1155186260209264,0.0
670,-0.21410461009644977,-1.1368761780373613,0.4216314441405692,0.6834133188193006,1.0
671,-0.567644151299185,-0.18434122761719854,0.1825886754061069,0.9168340725633507,0.0
672,0.9718708611123112,-1.1241590131421912,0.3799254957833671,1.4971670368984684,1.0
673,0.7091260040643386,1.6256167800601322,0.012518478957899247,-0.17928961578776614,1.0
674,-0.8742080559348013,-1.3045894962683027,-1.1153782328723878,0.20503449187048395,0.0
675,1.1568992601424302,1.4733882120932482,-0.04544885984735311,0.4188474548484018,0.0
676,-0.03652709807441523,-0.5752893536085806,1.0447737823555796,0.6999235772383531,0.0
677,0.1778696150875907,-0.8907620062334318,-0.29451590591752363,0.1193908264008744,0.0
678,0.4773497903984335,0.5845785949785758,0.3037602666344558,0.4922964573490422,1.0
679,-0.4837270170483301,-0.6128222450415621,0.30348014251173017,0.2069120564023081,0.0
680,2.134937183646241,0.8320324365362468,-0.5733249687654637,0.43618616097984786,0.0
681,2.0536200510190232,-0.17559453156385973,-2.331868114102838,-3.296929131374232,1.0
682,1.7867953900315743,-1.4148969581181619,-0.1247734878317951,0.18479229231377864,0.0
683,-0.2601859318801284,-0.4911114261829865,1.0939782033530372,2.3176182134807615,0.0
684,1.0557414341738842,-1.4993950138745442,-0.5797279379532272,0.38964240126075245,0.0
685,0.3888131289233474,-0.18241140922815574,2.4428740713076347,2.0088873496719355,0.0
686,1.8725293316588703,-0.04143443169616495,0.3908820876770863,0.6149773511465105,0.0
687,-0.41747645115473064,-2.238053097620331,-0.40625363093522304,0.46623562062506524,1.0
688,1.04748539590336,-0.41971260410468453,1.1122352831556985,0.7383338134856914,0.0
689,-0.44271122027355403,-1.7627220358488753,-0.45414989451650584,0.11555670355428965,1.0
690,-1.2410283884751783,-0.7593214724717754,-1.3009093941580505,-0.6435435234068253,0.0
691,-0.6601608478271472,0.7082047633928419,0.030043517909963204,1.2993970967540496,1.0
692,0.6583676795053119,-0.17659829771331143,2.3912471020628763,3.45281857992563,0.0
693,0.8126714203599791,-0.7810011547252714,0.34795156107008784,-0.03542408243247164,0.0
694,0.2271369562856581,-0.6693014749305042,2.063104354697956,2.191168693582511,0.0
695,1.82360149069036,0.024375173466054778,-1.3307318027109647,-0.17716929403183368,0.0
696,0.046808316579125875,-1.1599259248864755,0.9056727476619445,0.5902103634920668,0.0
697,0.4854792700370224,-0.6263366287687391,-2.8224347145581437,0.007930021682823973,1.0
698,0.7658248601632931,-0.23023440302266596,-0.18525372947469151,1.0725796826349647,0.0
699,-0.08898492706492889,0.597391843441704,0.4776045398612742,1.0960224972036294,0.0
700,2.5308474180857745,0.6244348568826081,1.254674424064811,2.9755515566718556,1.0
701,0.45924433961017197,0.39230468378920275,-0.4329258276978751,-0.038343364652586476,0.0
702,0.21851994159775445,-1.0455187719611716,-0.5904014950961698,0.589306202666994,0.0
703,2.106218263741972,0.8720025386972279,0.7083746392016074,1.059648668545621,0.0
704,-0.27264004119917873,0.5027188769006286,-1.4096403908089663,-0.7226536721774394,1.0
705,-1.3122982193263417,-3.0665354280409356,0.13419445801432794,-1.0748035431544136,0.0
706,-1.5570131649035335,-1.7716404481113432,3.3606348030529736,2.490757343964822,0.0
707,0.8571692153626044,-0.47858339546437356,0.6497840436747433,1.8060009916934092,0.0
708,0.871540000374764,-0.31380973890376995,-0.40266153295979146,0.2209084780223658,0.0
709,1.661803500743112,-1.4754948750746566,-1.0784013109150477,-0.6763440431709841,1.0
710,1.4905997620885438,-2.2773066382741236,0.4251778868612375,1.4552145442955107,0.0
711,-0.893147430005216,0.5713942242080112,-1.8563146109461242,-0.16810720605097862,0.0
712,1.4581484709724468,0.977511810078457,0.12912234035234713,0.5935931717154053,0.0
713,-0.38262073107508054,-1.2811626863085444,-2.267615358945856,-1.312207436435504,0.0
714,-0.964444886026931,-1.4359904995384283,0.9979531513294777,0.5423653059998856,0.0
715,0.3274757752538996,-0.5907792025445782,-0.6678245425496578,0.9096295948273149,0.0
716,-0.47205504777401686,-0.5211511067760657,0.5871460003460429,0.7028081968797517,1.0
717,-0.30446680620322963,-1.635706557919949,0.31817635678962825,1.1345633983744525,0.0
718,1.9710228592252155,0.6970611474680757,1.2815040964787827,1.3976954031631104,1.0
719,0.5712377200309022,0.11292661737527682,0.4258379675497671,2.3325743255522524,0.0
720,0.5323383451854207,-1.2152391594642002,-0.39674722258300715,-0.30887987716285203,0.0
721,-0.8253230154530091,-1.8147875715541786,1.5393595381450091,1.0176531336809091,0.0
722,1.1806438068265916,-0.1704457342327506,1.3968439422963541,0.7156284972958765,1.0
723,-0.5702104506721741,-0.3388365767730725,0.6510869838352564,1.285425520172312,0.0
724,1.437179014562249,-0.16080083735037884,-0.8926166370699098,0.6143053961426032,0.0
725,1.1456559065711112,-0.3925751698015816,0.2731592905600448,0.8402668623266845,0.0
726,-1.6126942356722997,-1.4972969123643396,-0.6479706090237484,-0.20446941335793667,1.0
727,0.15926955549982047,-0.2724912052211512,-0.745571252941218,0.8532349165423736,0.0
728,0.5076768618264514,0.8319818903771108,-0.06553088270280122,0.14502899569263356,0.0
729,1.7343562544523754,-1.6620628121299357,0.2566578122258651,0.8024911546059125,0.0
730,-1.923343243896758,-1.400157569258559,-0.12087305051771688,0.7230917352330466,0.0
731,1.1676367176659586,0.15280739713370856,0.5544431870587262,1.279849572191925,1.0
732,0.5314903313064316,-0.35921834748626824,-0.09791761450935027,0.17273086224662582,0.0
733,1.3708661531584516,0.3124781361145856,1.7526389077682256,1.2630481777405893,0.0
734,0.7290462066238717,-0.033904152520297715,-0.22852495030818293,0.14272663231125077,0.0
735,0.2861608768463978,-0.37436235771156157,-0.30392132079132117,-0.33809880625199107,0.0
736,0.5295496218613713,0.05348040485095423,-0.6838610021503857,0.9386675496814033,0.0
737,-0.6659628543351319,-1.2671278522190736,0.47304401242934224,0.8867904308905633,1.0
738,0.43792528971300326,0.5237631201054458,-0.007835279914246434,1.4292056764572454,0.0
739,-0.04329371266235105,-0.015130583181279245,-0.5031049049307565,0.8066624464867644,1.0
740,2.0357315470758706,1.1385835561861022,1.8351862189958816,1.4075886075972999,0.0
741,1.3058170215104896,-0.05045961861879361,0.1715894280035489,1.0519635165850099,1.0
742,1.5780983553338743,-0.6612027266107845,-0.5977761249899307,0.1884527263426088,0.0
743,1.3717650003525708,-0.13561723159719666,-1.8771850351806492,0.5558430709829513,0.0
744,1.4710172023493828,0.7589521754598931,0.17929098372152913,0.7390016069780354,1.0
745,2.777656969991941,-0.80383889552267,0.16526017131367646,0.3292273513599519,1.0
746,1.1474142490558636,-1.2338222875226077,-0.051966452942838685,0.3416162250907554,1.0
747,1.1920004582902108,0.798024488995057,0.7690144932561095,0.5729774926464261,0.0
748,0.5550449125725121,0.40628126175948026,2.2208147291817273,3.014643622356105,1.0
749,1.009303346192254,-0.9862916315686041,0.7195644058928128,2.209180931931628,0.0
750,3.0788519435278134,0.47895116316747216,1.0782472362461737,0.21639697061657875,1.0
751,0.4998624020887539,0.6674308365361732,-2.936885933954151,-0.5192364426645982,0.0
752,0.7814510283104968,-0.2825653314686709,-1.0959288124829114,-0.04885660180289286,1.0
753,-0.6442187963292558,-0.4874493802142668,-0.9075471797733307,-1.0771231482538743,0.0
754,0.9604666539745026,-0.6098531767320764,-0.729947442039189,0.17852081836032097,0.0
755,1.001123646910854,-1.5144306944362682,-0.11161207477596632,0.6003859768246763,0.0
756,1.4220777699166502,1.1077298135177684,1.9278751846765103,2.9522935107792545,1.0
757,2.399892366268297,-0.02765290156686584,0.4940106287264791,0.3803295718841888,1.0
758,0.04420119616388579,-1.6526501300063288,-0.6558324166535293,0.2709420121149567,1.0
759,0.3261387824252931,0.8239495413747056,0.1841464742960465,0.541275319441137,0.0
760,0.22016071369084533,-0.6447694261353065,-0.47567477130652214,0.31081860067226824,0.0
761,-0.6181414145995145,0.10663205534412662,-0.605561055416413,-0.8571319958729234,0.0
762,1.7151170222972791,0.5908556732222066,-2.0181615073397166,-2.3300738345717904,0.0
763,0.057209784092399074,-0.47381079376970936,-1.4373014144824638,0.11288804426420956,0.0
764,0.7527452261841013,-0.38166963507082463,0.4131087627288773,0.30230484797491347,0.0
765,-0.2232839760541191,-0.8337454644231681,-0.9596747951839084,0.2035086006939536,0.0
766,1.8888831661159604,0.5673129722333454,-1.1386433056929783,-0.5969679102404454,0.0
767,0.11196906201549084,-1.062877555246469,-0.5361304152795241,-0.32763482608047156,0.0
768,-0.05923482246773393,0.33275179005422434,0.12430520896216538,0.08904070928212171,1.0
769,1.4061364704759591,0.4336194684952465,-0.615890960356368,0.05612878413761346,0.0
770,1.0068241656404995,-0.5523018266821564,-2.400536361292813,0.630894397287942,0.0
771,-0.3119807951892788,0.8282780341519465,0.5225898106556207,0.6942184692249822,0.0
772,0.5656816054687368,0.4030548085189803,1.0777269103928468,2.6709864822931326,0.0
773,0.8107959730541359,-0.4414994843875398,-0.23088033245100537,-0.1274505103961061,1.0
774,0.7384756222697354,-0.8007682894323275,0.31211661268574,1.0631486858395625,0.0
775,0.9296712225339436,-0.9871219498923265,-0.7973389316846398,-0.11030797675570536,0.0
776,-0.23233027385505456,0.089144183225217,-0.6039553253315753,0.22215758466956964,0.0
777,1.0200502699688454,-0.35957132333944825,-0.9210342325847501,-1.8951653856903308,0.0
778,-1.0371129667661088,-0.9687793474253672,-0.6422399139220526,0.15810010730684132,0.0
779,-1.5006333192187133,-0.4722520503641634,-0.5860730658399544,0.14287466882423383,0.0
780,-0.5309260757037992,-1.1389021977466436,-1.0771283016009126,0.6048419667968848,1.0
781,0.16437531023317858,-1.6412851044794368,-0.33324505032627244,-0.2844426277249389,0.0
782,0.48576073588916324,-0.406735218144866,-3.2702889270961726,-0.38857998644638614,1.0
783,-1.4694114957060838,-1.2854350151134855,1.3549105340250345,0.6557595980044971,0.0
784,0.8343148148116046,0.23177130427580545,1.4231251215330278,3.253613856784744,1.0
785,0.5851640494679289,0.034668351310346346,-0.2719411779307323,-1.5540096498684939,0.0
786,0.901375961121391,-0.5015020150138186,2.0061796441479824,1.2746093319037883,0.0
787,0.2947102267443795,-0.03832212141999258,0.0484340963274674,0.1216582262253676,0.0
788,1.750130363788297,0.730011426320021,-0.1089190471095253,-0.6060063508488965,1.0
789,0.4341826212364249,-0.4952059755727986,-0.2876737698721866,1.0882426917387473,0.0
790,-0.5397715629563515,-0.2525817417548116,0.03940687886802017,-0.05601561528973542,0.0
791,0.609428538694633,-1.6178253577954476,-2.1395319202085124,-1.0946191365051297,0.0
792,1.2061167445024181,-1.4279425556717926,0.9179357647344106,0.7057806179445336,1.0
793,1.2591772538498733,1.196355564663587,0.4961382465643196,1.2717578780879024,0.0
794,1.243623874233371,-0.42336388423793847,-0.11430325407011321,0.17733195814982344,1.0
795,-0.4379174148637648,-0.25507020810577136,1.3487176635122247,1.0596832354852375,0.0
796,1.7832454091787884,0.7311728102073409,1.105541528088597,1.121233092216427,0.0
797,1.482716335586594,0.7513310720245892,-0.03901934333570295,1.0614383172801096,0.0
798,-0.09535793727463093,-0.6929648870614347,1.553163008754995,2.192675230709143,0.0
799,0.011476422713846413,0.2747727971572625,0.9491420810994942,1.0450901217408386,0.0
800,1.1771083917756018,-1.148482298928923,-0.9235365798093355,0.4795913572524062,0.0
801,0.49374585324645703,1.083232149996599,1.3654456957984982,1.7977079396235331,0.0
802,1.8132198075147237,1.3134092439619796,1.2913056585278742,0.9047564597252944,1.0
803,-0.7138201436012788,0.6537868259789053,0.1831573821919205,1.908020776092029,0.0
804,-2.0567349206130956,-1.1477435583598612,-0.1153095846493757,0.7778172790741045,1.0
805,0.455113641378233,-1.283615808416151,1.1881357928560867,2.179091004076371,0.0
806,0.5506868293152529,-0.13778447035256403,-0.8744564297014749,0.554019055208478,1.0
807,-0.9790810338631459,-0.2154533722926386,1.8449920524459074,0.9631817074001681,1.0
808,0.07319314534268351,-0.5622929972435096,-0.8980959733095478,0.5095577843578791,0.0
809,-0.3764780800927706,0.9365584740630839,-0.2247357969014804,-0.3097088908332547,1.0
810,-0.9583204585551512,-0.6580740270405079,-0.3957791813199495,-1.227653692859961,1.0
811,-1.6202796645257167,-1.3529467811868596,1.6997147175199068,2.807503380117852,0.0
812,0.9344005897768138,-0.8909569713582983,0.10464940686442731,0.7059291467162082,1.0
813,0.9082619516514223,-0.16927974092266843,2.322659904608084,1.913158425240625,1.0
814,0.48567104980310005,1.6732941906179273,-0.5592124109483924,1.777204222086708,0.0
815,1.3577706083039165,0.47567598988760434,0.08214277613002213,1.0398345313963144,0.0
816,2.5205465032198626,1.4138569734243214,-0.9384619159051146,0.5611548364077843,1.0
817,1.2246419755004325,0.6230729530066617,-0.17325824833743828,1.2163327500540886,0.0
818,0.9550862091785176,0.353046402257344,0.5348580504135169,-0.10711162748971881,1.0
819,0.9043921385070717,0.8601768896889466,1.8516857499327641,0.5657414633871036,0.0
820,-1.1877996935665989,-0.5269094895229417,0.6255456052158127,0.3091282900209636,0.0
821,1.0860372374427496,0.4501037715968755,-0.24633237413443956,0.41466620359795675,1.0
822,-0.5627839320104329,0.3155169252125472,1.7207602999071643,3.3501719355043442,0.0
823,0.06626585984078598,-0.5668908593805551,0.2400506551438438,0.42998851232560503,0.0
824,0.07203900249150696,-2.68459725289634,-0.07357069632164752,0.652370206734754,1.0
825,0.7442896174981223,-1.6993383544763894,-0.24119322303417395,0.07953462037571774,1.0
826,0.34713399320883376,0.3046159433753219,0.3349647627520654,1.1639227526961764,0.0
827,-0.7239860647934617,-1.051986196482303,0.7117435100245608,2.423382900187615,0.0
828,1.160130494975984,-1.627677109700441,1.677422190534493,1.7091697461650766,0.0
829,1.0923982087722797,-0.6256333347839291,0.3921301685812975,0.8035656883033829,1.0
830,-0.22851881525001005,-0.46808461300411036,-0.43780764126050475,0.5816893260741622,0.0
831,0.8017366147339358,-1.321231972198691,-1.7432089909661121,-3.119157335637356,0.0
832,1.420796220203819,-0.9508540745391401,0.2798173714147417,0.41010283382634605,1.0
833,0.5176626776879519,-0.43373987693124677,0.6498527457100028,0.7788597645431119,0.0
834,2.6418718698282375,1.3665754493475475,-0.6421408275111753,0.19281397955194945,1.0
835,0.6192658863100106,-0.42544290087814973,-0.09078957113779583,0.7501190667781868,0.0
836,-1.6398041031890207,-1.4871087820860827,-0.18315997260207287,0.472191896400761,1.0
837,-1.8248117332985547,-1.296731001536817,3.48371474326898,1.9591681659033546,1.0
838,2.3787102215355453,0.365328420502627,0.6077117685836708,1.575360700741792,1.0
839,1.2176090668694162,-1.2974286475565944,0.04555826856814683,0.19354439848078864,1.0
840,0.05893374659370765,-0.007675010858947118,-0.12807555367709206,1.1172667837271213,0.0
841,1.4322063422892062,-0.6070480564738061,-0.20071512754295007,0.18761609306513205,0.0
842,1.1340642674054,0.21680938323727278,0.3585869315909681,1.1098501320560827,0.0
843,1.1541110806868586,-0.3710626501528109,0.032022743510853886,0.15829666354866878,1.0
844,0.4504833724698605,0.03559186331624958,-0.18817155996968338,0.3441911491855475,0.0
845,0.9672041570356229,-1.1586521733152713,-0.34958482223997656,1.155642355818011,0.0
846,-0.6124652425523669,-0.6769370503074654,0.43599976504398724,0.8413720885483433,0.0
847,-1.0023396656768713,-2.2470632093454714,-1.4377721716320941,-0.8252198943022498,1.0
848,1.1322716468750906,-0.9333705365602074,-0.06066374786246164,0.4703963875542544,0.0
849,0.3478973915059474,-0.29489849986937633,1.0791997565839773,0.8316862435899137,0.0
850,0.9517755029958105,0.04900838038941402,0.6132192432209118,1.391687182412891,0.0
851,-0.28233798722866343,-0.48622982236367396,0.24473038636113523,0.6857971111080289,0.0
852,-0.623625122769145,-0.5542376458394639,-0.10239157610550041,0.47912702522377093,0.0
853,2.5015141004438135,1.0619806850903932,-0.07110870708090487,0.6575205636418693,0.0
854,1.393191674156304,-0.13270857137923855,-2.9366741354978183,-1.3445676990096755,0.0
855,0.9441860992468332,-1.8998463463441788,1.0603233884021277,0.4559059153193419,1.0
856,1.6477715723122373,0.2794208881921318,-0.4657166319308134,-0.43513439207374416,0.0
857,-1.571770290155467,-2.0062835015761475,-0.07290328080653428,1.2917533561199166,1.0
858,0.9124265427972725,0.39266877354766455,-0.1692305136694495,0.8111922939088898,1.0
859,-0.9333580708336502,-0.9144133304171786,-1.1529103396284786,0.22170928118756272,1.0
860,-0.12267530404530003,0.9404477750199525,-0.3129659073628568,0.12556793255376325,0.0
861,-0.15092849774479955,-1.0874071616870162,0.567979676201935,0.48398467858750793,0.0
862,0.2571738424740849,-0.6445060326819636,0.13960137565522507,1.1299567774000208,0.0
863,1.9018495995654427,1.4280686989074678,0.3987603986545851,1.568319369497221,1.0
864,0.8539354936147807,0.7810581274332178,-0.19715922260034446,-1.276041495107405,1.0
865,-0.08700692001456067,-1.5282002683254436,0.7225141555470428,0.8364492923581387,1.0
866,-0.9799360964936474,-2.8936321476478346,-0.9817187062661216,-1.3526957508975754,0.0
867,0.5327799188478445,0.058069679311008204,0.4154179714164995,0.7482363342287477,0.0
868,1.5161668301533766,0.7613060293329812,1.3711057580489598,1.2328276009177408,0.0
869,1.474218689392558,-0.5911717742727023,0.6623455003128174,1.1576851471732792,1.0
870,0.5012712051386581,-1.1117012042960972,-0.2166082015181828,0.907516809351441,0.0
871,1.907475716991911,1.5334816889738838,1.3839761244587587,0.594924363305972,1.0
872,1.3684650771354703,0.009320762157502605,-0.8559981991203486,-0.2451217025120983,1.0
873,-0.21171843338211138,-1.0789873335417188,-1.7422490751610429,-1.9065326362825217,0.0
874,-1.0720388840458812,-1.7318330297705413,0.453641849797064,0.01766007978669848,1.0
875,-0.20825666269145193,-1.7536344944996283,-0.10702078108711394,0.287197594628455,0.0
876,-0.45462406880938266,-0.8349164576514936,1.4551462336439493,1.3960060470720295,0.0
877,-1.2379052937947175,-0.16250837765618603,-0.08943152653624997,0.3430231732621213,1.0
878,0.16577562993806522,-0.8204202674755683,-0.1824479235564731,0.34482665456986444,0.0
879,1.8955775708023186,0.9344889278796358,0.609882394180861,1.2615864209626795,0.0
880,0.747546603361375,-1.9684516918909014,0.832013857508942,1.6019575152133614,0.0
881,1.0506401514076869,0.3498902529243804,-0.26783094523078066,-0.18596282038697587,1.0
882,1.409163510226652,0.22023594997444723,-0.9519640189362771,-0.40200932088173946,0.0
883,0.8760895284280218,-0.394787000048782,0.6032622131308358,0.7750209389862166,0.0
884,0.6101287323166793,0.6445999935247468,-0.3323198613223811,-1.834671860242155,0.0
885,0.5781051467191478,0.11933658068894554,-4.96292962543219,-2.463534354638335,0.0
886,0.7595029774663608,1.0663006433619369,1.611097152699515,2.750877674779216,1.0
887,0.11848851580040132,-0.10788588157244583,0.7682368925982938,0.9331391434192942,0.0
888,0.4350597500534246,0.5593511161435554,1.9913906522287068,2.1257165946940444,0.0
889,0.19517376271254416,-0.8569263165388756,0.003667570319533252,0.5079469702859201,0.0
890,1.2811788227019856,-1.323292711282524,0.7941017412954923,0.8715032524729441,0.0
891,0.5956019480984432,0.12307966262433201,0.80563121868956,2.352244905241756,0.0
892,0.08077466283995877,-0.9625218490114997,0.21561731580079646,0.6648261992106402,1.0
893,0.36173795840051737,-0.20060938561412706,-0.6744339157129173,0.08265791592446048,1.0
894,1.0603446821548388,0.3227550646763368,-0.4348779808106176,-0.6245919644142922,0.0
895,1.2147419310202987,0.04494523396966249,-0.45692864540918954,0.01475543785441602,1.0
896,0.07854287664732951,-0.00040004881054428454,0.5019750335373511,-0.008654924065101599,0.0
897,-0.019514674068599636,-0.6507465403736521,-0.13423791690536335,0.415076212359353,0.0
898,0.5285260611143747,-0.8974101485539367,0.7479468307116799,2.47470968780814,0.0
899,0.11057687530435911,0.750964840261866,-2.528017806145896,-2.6637828763954854,0.0
900,1.1487565265834991,0.4705952395117949,1.1696196356606614,2.0600297159055927,1.0
901,0.12542957656556192,0.6610036664706032,0.5304579806811988,0.017773808077615416,0.0
902,-0.1974571575855253,-0.3418477702937086,0.35795396077016367,2.205404955480901,0.0
903,-1.9941762952414415,-2.451654229791987,1.6969428013649897,1.7274203666655068,1.0
904,-1.3609101936258479,-1.8993151278378133,-2.2451108285819092,-0.5719832562489843,0.0
905,1.3074739883921573,1.1128636209105316,-1.0910637486909354,-0.31763990981890033,0.0
906,-1.5598328420573977,-2.0847346493867747,0.4683450970300026,2.2281538102323437,0.0
907,0.023875052299968946,-0.8643774343057333,0.20536591867766976,2.2493956822464822,0.0
908,0.7046787488485409,-0.6054470930429909,-0.07212637686288431,0.21632241133673868,0.0
909,-0.32417610328942836,-0.34146706546621536,0.5903394098346072,1.1520794362554658,0.0
910,0.388336271375042,-1.7582794305061729,1.4122317088106209,1.098253778590108,0.0
911,0.3434338848410797,-0.9039722813706572,-0.530881398981367,0.844557884906175,0.0
912,1.3629158179451468,1.056517139014548,1.3473150785523615,1.4822064690565195,0.0
913,0.037444784326955416,-0.00012449918016199657,1.0156074372666044,0.6112640538061628,0.0
914,0.43498179597002484,0.16424069424636267,-0.37309302879063094,1.503123602977174,0.0
915,0.2018689808520393,-0.20816953066216673,-2.2221117699522464,-2.0078362178545572,1.0
916,0.5692352910581099,-1.0721708779480466,-0.809610882442765,-0.19524756903628493,0.0
917,1.9189577383703094,0.433616033120317,-0.13103882712478612,-0.36245271708756865,0.0
918,-1.3369500323787182,-1.4345227689717415,0.5465702475143869,0.9938351819993776,0.0
919,0.4097890172849061,-1.2357344970816737,0.3748022991267109,-0.4041628014926192,0.0
920,-0.7805778587490162,-2.0357515045881356,-0.22011993026239465,0.17927752015702275,0.0
921,-0.6520036195760002,-0.616736295005955,-1.6914918792653517,-0.7656633181543707,0.0
922,-1.0157882936776863,-1.0009807058965017,0.372182248264269,0.5774272494102949,1.0
923,0.7863955380662605,-1.1061062945510418,0.1269510106365218,0.5373453924285142,0.0
924,0.18106564598246683,0.1568324497415433,0.4822188479302124,1.6115808338448754,0.0
925,0.7953358217956363,-1.5293556045499843,-0.3627849945487151,0.2585094374090283,0.0
926,0.9899702829973438,0.4369236591671502,-0.7930669125379542,-0.44424429372770147,0.0
927,0.9255312600417258,-1.3598610005585672,0.3193559023338172,0.36414649275537303,0.0
928,0.49253627031812547,-1.3039094395267325,1.1341728952911838,0.824621018489459,1.0
929,1.55444225548304,0.1539028712607507,-0.010155104118338136,0.9280776954916596,0.0
930,1.0988365375476699,0.03151536025416973,-0.08450987405463734,0.21758292474097496,0.0
931,1.0695282865536322,-0.22828280221949004,-1.8595279280828143,-1.2081699732121147,0.0
932,0.7515331162173973,0.10076646241492226,0.3227590399491901,0.6206804617603268,0.0
933,1.5773324460927247,-0.7786475535371135,0.4201181942659963,1.9351767707284822,1.0
934,-0.0752402747186437,0.21149465909718485,0.008456123200860997,-0.7913393386724602,0.0
935,0.3317343018610114,0.9948752959606606,0.06953257574948174,0.6001537621523552,0.0
936,-0.5244641588352466,-0.2707558383408356,0.01739135835571181,0.4935344317428057,0.0
937,-0.7790494601196127,-0.6831979549213152,0.7593020245529032,1.3741313173488474,0.0
938,1.462595885490105,-0.8782366694720578,-0.32962559588740087,-0.6254249889662341,0.0
939,3.7013241031811406,0.22079973247519807,-6.19658656495672e-05,0.39904069956438837,0.0
940,-0.10006920397413765,-1.0677967305337397,-0.9785882817952557,0.4416642165430437,1.0
941,-0.7360272740044556,0.2824299537250286,1.4563246898316191,2.0699623218389056,0.0
942,0.8791898461673058,0.015354109424369877,0.8891419258843742,0.7390691963016894,0.0
943,0.9538267710428624,0.29579361175470326,0.2656366534491077,0.06527634957317119,0.0
944,0.8587386857383581,-0.9426938398503264,1.074495009521652,0.950688556550026,1.0
945,2.168820239965806,0.19621098731487913,-3.140468513971562,-2.6853569233364385,0.0
946,0.42374510673555454,-0.35004476145699115,-0.21352900135108613,-0.05990425788601339,1.0
947,-0.2072611973291758,-0.368243075681644,1.9496125311834955,2.6327485768288326,0.0
948,-0.6923430336972998,0.953423832544902,0.15253404126335146,0.7181579422068742,1.0
949,-0.44828327630798737,0.32742863808102635,0.10230292782392508,0.3340605018984627,1.0
950,0.3529566995948452,-0.1652000630432817,-0.0925521647510651,2.4873545730856987,1.0
951,1.519227048956232,0.9009583756643182,1.2627006123094004,1.5857156417191418,0.0
952,1.9225453398527494,-0.01419793188965418,-0.21176202280619116,1.0526283791066369,0.0
953,0.8603287835258049,-0.825724489156175,2.343245584223045,3.120597736093747,0.0
954,1.3889788932117724,-0.9716490804191971,0.7246649995209058,0.4757078191749503,0.0
955,-0.2615018451889084,-0.380916771878106,2.9249841029834567,3.6209943522361923,1.0
956,-0.2503702056030247,-0.08165588488257575,0.24580677833132575,-0.4359869697276878,1.0
957,0.8350548933837455,-0.5618718730422387,0.27505780065452967,1.3391648593281467,0.0
958,0.2690680260866811,-0.07495204350170775,-0.5811443339748096,0.15213441619712947,0.0
959,0.1456963040212756,-1.5301120594495534,0.295182953457291,0.8651030640478665,1.0
960,-1.5745904875533232,-1.64832323167414,0.48453711497626617,0.660439839907175,0.0
961,0.4678743935958622,-0.6121086410672247,-0.2999149212330137,0.6884588860735639,1.0
962,-0.0638612535062919,-0.0721823686180652,-0.33605878457545557,-1.003740436437481,0.0
963,0.8239490330455674,0.6869694438811835,1.27131836662546,0.7600178751976757,0.0
964,1.926985721642396,0.41076933401710874,-2.866710654661596,-1.7286280412537658,1.0
965,-0.4390338265028786,-0.3353176372811935,-0.22913293010042216,-1.1183201662680635,0.0
966,0.8207162477192305,-0.935135895553882,-0.788654797690325,0.1192415460728024,0.0
967,-1.112735277205019,-1.866963976151107,-0.5897394445513835,0.4264329528348173,0.0
968,0.038962703232131524,-0.8707482542865845,0.03932726132585004,1.1944517527205856,0.0
969,0.3606543439175887,0.5710834925677002,-0.5028267574517186,1.7472534121054366,0.0
970,0.8550261310009744,0.0038817016019478956,-0.23341644268409514,-0.2851282676454868,0.0
971,0.08982510569359492,0.5109879713074432,-0.9667653201370778,0.2725000027508237,0.0
972,0.9873926269435909,0.223299912636217,-0.34664812124342614,0.9219996939214921,0.0
973,1.4582602637983486,0.5923267788163324,-1.5397401825900583,-1.568781637290694,1.0
974,0.36205173817111885,-0.06697538034962591,0.21049626493372905,1.1537987610340283,0.0
975,1.1402457784368818,-1.0059076400446338,0.09080040890617588,0.21328430185720926,0.0
976,1.7534245183341683,-0.559353215991202,0.29418808487753206,1.656844776348172,0.0
977,-0.07345378691417837,-0.4748949205755685,-0.9192878245981919,-0.8466458383023029,0.0
978,-0.6168255235471096,0.5013755288365085,-1.95549601351258,0.0347589406848795,0.0
979,0.18907783249237414,-0.0030508509795166283,-1.0050013289139403,-1.0112965187581393,0.0
980,-0.5002434865932446,-1.1613257234656365,0.49121097681908144,2.0046925184665465,0.0
981,-1.4151872289580072,0.46101676483987314,0.271092742168888,0.516927960011378,0.0
982,1.8180108925185747,0.5557825646932348,-0.5173401457532577,0.4517619019022595,1.0
983,0.8962660599361825,0.9864836882822696,1.2928163080783093,1.2010538102854218,0.0
984,-0.9243103022709338,-0.6028168067934221,0.10569172882150378,0.9665180747916353,0.0
985,0.38894087707315406,-0.3229330276793156,-0.27976378528369017,1.3176728999798535,1.0
986,0.4508239044189929,-0.05697054937109314,1.8062044381150488,0.7603734900003365,1.0
987,0.7887470628739931,-1.772177937373215,-0.641332890750453,0.5018883438966573,0.0
988,-0.055231933924223764,0.09406450067541966,0.1519822357154777,1.4185444658860245,0.0
989,-0.8523009098225378,-0.04099513995075055,-1.2978521051599972,-0.9130416686231938,1.0
990,0.1546192025318454,-0.26541100246228005,0.673871787832611,1.6888107015649587,1.0
991,-1.2248595105754148,-1.985947074243441,-3.014695237482352,-3.381022922078266,0.0
992,1.7030009179682233,1.1648976776684428,2.711581792383676,1.5592302752019134,0.0
993,1.0429765969969433,-1.3387486269931061,0.8296223557439348,1.6788398181066553,0.0
994,1.3760781315507897,0.6495170590862025,-0.07091562839964027,0.6668521807679785,1.0
995,2.083698363682953,0.6753696426870845,-1.3260775203621102,-2.3331888147485067,1.0
996,0.453031468829858,0.3015979013369831,-0.05603851549825636,1.3602868263961891,0.0
997,-0.22425004424725337,0.543428128338683,-0.10323002582817464,1.387430689665201,0.0
998,-0.013446210492256583,1.4059212861649177,-0.4627587995246163,0.29898951039409744,0.0
999,0.7852721050645447,-0.9597291982209415,0.3323824344183512,0.37630353159419166,0.0
