,0,1,2,3,4,5,6,7,8
0,1.0,-0.6107780547715764,-0.8594508171203779,-3.382225140711126,-2.150754137787409,0.0,-115.09258588820873,-9.652548121446104,104.66789518839661
1,1.0,1.348822428895096,-0.2612353372100996,-0.1580563819594582,0.45888059507852463,1.0,24.22419746755447,26.678881719862083,10.667963040789369
2,0.0,-0.24568179126564282,-1.434561498138449,0.17564461233914824,0.8265379407464373,0.0,-1.1142087600849115,-3.977743336743139,0.3475146602669817
3,0.0,0.9293486384070002,0.8468464628239047,0.21208051428285396,0.6837602408901102,0.0,5.00711768217801,23.76212456106541,65.91295628940827
4,0.0,-1.1360640672022235,-1.2574794599679175,0.2733316467208959,0.45754549015283447,0.0,-4.0258596207021276,-8.142150210816855,10.34926041571652
5,1.0,-0.39819159143144844,-1.835276158615889,-0.3129534215897158,0.8037725183347024,0.0,3.893260327314208,-4.768856731181706,13.251271316360043
6,0.0,0.9339483941904347,0.9855756053594247,-1.7452663418117313,-1.2350886900376254,0.0,-5.235811115981242,-4.4666354771137975,10.422537251753917
7,1.0,-1.0674434248121434,-2.446210225096895,0.7930164228043638,0.8016131700182613,0.0,-3.1591899522090277,-12.237286805982253,18.899674506117655
8,0.0,2.002382234502909,-0.5363595854898592,1.6778312294158158,1.1278411787990097,0.0,37.716775877833555,73.38157082179363,10.667963040789369
9,1.0,-0.9071510306873893,-1.7879964079158648,0.9810920053432232,1.8599313654996372,0.0,23.995868682593418,0.15013133786933652,-1.7477958284510537
10,0.0,0.5812100905995474,1.27068396716075,-0.20282575827913638,0.7730988861021456,0.0,6.863273394395713,22.090131546422363,55.489449718011215
11,1.0,1.2558628605017108,1.0247651775401996,-1.4738360059199007,-0.012538429308086574,1.0,29.276853929011633,24.437653125293487,36.01939927296252
12,1.0,1.132349284374604,-0.013998416524560409,0.18198897476938158,0.8866789183019927,1.0,28.756572429403953,35.52718318615395,10.667963040789369
13,1.0,-0.06830112670064858,-1.7022258683682367,-0.2817022581055211,0.6114421992345476,1.0,11.425349182704592,-2.2317703181991853,-0.9237165688731986
14,0.0,1.2353600439638144,-1.0612606885461608,-0.7449091766533719,0.5100387135466569,0.0,0.031910251053649974,1.09229244235808,0.6019184664474101
15,1.0,0.8023516808493802,1.049492586641365,-0.15498331783072813,0.5720519448426711,0.0,19.934715682968292,21.352916740976205,47.04077702816444
16,0.0,1.595778416842506,0.10224782223619633,-0.3632091059009426,-0.21987355438618794,1.0,9.85917385227554,23.2978245259708,46.62354068631992
17,1.0,2.2350998905745696,-0.16147653912112048,-1.3889282612281715,0.130505842961387,0.0,23.27686411575303,16.15991304068563,10.768148924633174
18,0.0,0.21348232838055647,0.2514467069474588,-0.9940103483547439,0.0138762981642373,1.0,2.8726677009987114,4.481714615111265,0.9018624151619442
19,1.0,0.9209115985586077,-0.19996590032949008,1.399708336798903,1.624285698575016,0.0,46.266237944139924,51.16068957869196,10.667963040789369
20,0.0,-0.012324220351190296,-0.30444967171853105,-1.6044402029029876,-0.21841002578855473,0.0,-4.339855974264021,-6.129782668609659,16.729694361467164
21,1.0,0.9315739000353271,0.6265564334897336,0.7700121212580608,2.6124467076753404,1.0,100.82909794316456,134.94221553026978,10.667963040789369
22,1.0,2.1148326487712166,2.1048190965378537,-1.1192581914779716,1.045595669283267,0.0,76.58490598141827,89.48483533444463,10.667963040789369
23,1.0,-0.13629608596300724,0.39077859060556225,0.6221494738835519,0.5330121881448191,0.0,15.585419586975792,10.013848027187898,14.641158235437185
24,1.0,1.1372938161185504,-0.9462185040827771,0.45183060435555306,1.0715672914632084,0.0,23.189195514709297,18.13596550245462,26.09428845425033
25,1.0,1.9766102140642543,1.3782782462325378,-0.07242252693119071,0.5967644310135826,0.0,47.12740913956755,62.17892887048754,10.667963040789369
26,1.0,0.8084832750514941,0.5022989631649921,1.2297240000127931,1.5423904786567033,0.0,44.67720317391169,54.49737572544596,10.667963040789369
27,0.0,1.6383375977557317,0.8375994973488914,0.910863694394798,1.5155500277869043,0.0,31.34332777289172,74.61016760836642,10.667963040789369
28,1.0,-0.20155443377378657,-1.197661854254119,0.5901813206467026,1.881328053272055,0.0,27.867521451142267,11.01531379370829,10.551092064667102
29,1.0,0.007253167971620178,-0.8801452214525225,-0.5175447035075101,-0.16022123508093533,0.0,7.575107756389536,-1.5930342465558622,9.555186095847308
30,0.0,2.3763189395555475,2.3022987373149286,0.28159561247483994,0.2480565399961252,0.0,59.25833877167407,126.80584154471597,10.667963040789369
31,0.0,2.0099620362506156,1.3465648506384147,-0.41662170730418396,-0.22966143904788905,0.0,18.15951149390556,38.38467653379447,10.667963040789369
32,1.0,1.4828368402541552,0.24408272784720014,-0.30681904065452176,-0.9676610853047706,0.0,13.742731367861184,7.418360792106961,4.673013377361968
33,1.0,-0.2894526344985602,-0.9021265729215462,-0.0892941318527147,1.013510931313826,1.0,19.184450709242867,6.736079777689348,2.387203925684984
34,0.0,0.41652502757792875,-0.49989541525770753,0.3683728218050807,0.9438168716285644,1.0,7.106964637292799,19.47514132466284,42.13698338745532
35,1.0,0.8220241457049433,-1.226915201152908,0.5593086845538181,1.0822879293621637,0.0,21.374929376432373,13.130024349147801,11.491426270287867
36,1.0,0.839655121878327,0.12321291747996221,-1.1139338896434066,0.8189392703719431,1.0,22.49322706691147,17.705996600314194,24.45497639653728
37,1.0,-1.0111795261930825,-0.748065857862513,2.0155349893720644,0.4656050102882847,0.0,24.3459417922999,5.347844571094935,5.099435678987337
38,0.0,0.787700829214668,-0.6047349003083261,-0.018669180134358334,1.0267932871182106,0.0,3.102354517493953,8.979383027932213,10.155666035399616
39,1.0,0.16901244502630752,-0.999950250458441,0.17752924242936544,0.5144889778418922,1.0,16.601263718832996,7.593915190357206,4.201792883937944
40,0.0,1.9622680954753662,1.284675429088049,1.733585844324969,2.270902924010011,0.0,100.50910117719009,193.67931496226137,10.667963040789369
41,1.0,0.3418415473103197,-1.5177415687955,1.0771622360774675,1.332412809370617,0.0,24.23356032270098,11.759715421619486,13.286433143914554
42,0.0,0.49679063641484134,-0.7880582448732631,0.07291149262587393,1.9707631345364764,0.0,7.420919045750334,19.12574100701932,33.07517675167523
43,1.0,2.049371846473407,1.0334128603323518,-0.11066046688388172,0.9040326804638315,1.0,59.5387316218778,84.74973698370333,10.667963040789369
44,0.0,2.3546435784150637,-0.9914380556096054,0.31790559275113356,0.6191032609564765,1.0,27.132443049598525,56.87486278889956,10.667963040789369
45,0.0,0.1040309147023043,-2.4247307305888444,0.10159433618570213,0.7826359126429905,0.0,-7.412979038287299,-7.436413767013324,8.400035351362204
46,1.0,0.4944945832538995,-0.5377566762918641,-1.0146991892753872,0.26555066833720475,0.0,8.518026395238467,-1.0587683723175911,3.6537034436679545
47,0.0,-0.1236918287845602,-2.2954995755691177,-0.2936639815026011,-0.29666379176543134,0.0,-14.431656639898273,-9.079542461163463,29.732096846447973
48,0.0,0.13891832640608265,-1.4436662207913902,0.6786501596002106,0.8208700287274786,0.0,0.5391631322546566,0.7585231099526266,-1.4698204943141888
49,1.0,1.7836067617207267,0.6539671576184478,0.647951414201177,0.7765256568405086,0.0,38.40126052505321,52.32535996828004,10.667963040789369
50,1.0,-1.457720660559967,-1.1736985089987806,0.4332313740948773,0.0105399318639533,1.0,8.481388669663847,-7.155506718850378,7.045302315735361
51,1.0,1.7242843896589812,-0.10287006186309555,-1.6087604044189234,-0.7327068837636429,0.0,7.954795355420641,-0.20306917172914485,6.945280997067022
52,0.0,2.210660841120305,1.3702977591584624,2.435240068866174,1.7278095270245943,0.0,122.09997345962562,237.9623705113757,10.667963040789369
53,0.0,-0.1754831017940297,0.9474316434999941,-0.12273191826194203,0.6647085791520926,0.0,0.9644351639379249,8.71936571993527,12.703905927704639
54,1.0,0.7959308365029647,0.2287394018016224,1.0227266783180058,1.6931114623563768,0.0,40.63134040127017,46.970695678464764,10.667963040789369
55,1.0,0.6851181492033266,0.8614342754490318,0.04963242633270148,0.713520489169897,0.0,19.11108071705286,20.68121896695703,46.86592543764388
56,0.0,0.44621614077838356,-1.1794686760176787,-1.755300153118559,-0.5982403285406971,0.0,-13.688952281848238,-8.2285013446832,33.29850442322701
57,1.0,1.4601353336499494,0.05230238590787012,-0.5771913907351249,0.5605758954127971,0.0,18.73348532576,16.469474045094746,21.181929551820723
58,0.0,0.6920070890600969,0.42076090505133573,0.8526047218705657,0.4810449179954741,0.0,5.080137728059418,19.79656386201326,51.537821207280835
59,0.0,0.6385406472706603,0.5581495122102196,0.2750283648220244,2.2536717184619492,0.0,21.918901588801194,56.0377234222685,10.667963040789369
60,1.0,-0.2047894185130339,-1.3980170603981985,-0.12477591686086158,0.14908230255124916,0.0,6.2865863122649195,-4.938505435194772,9.725884989209703
61,1.0,1.075661750665318,-0.8368387798362582,-1.5393898956670655,-1.8889419429735144,0.0,-17.957429400769342,-9.325009028787958,50.48231899301815
62,0.0,0.2855157054548876,-0.07812606151432999,-1.1637295640692344,-0.23165937817446403,0.0,-1.5384229689006392,-3.690381555507587,6.334933985163745
63,1.0,0.47535117071083555,-0.5114470930319011,-1.3049419251966645,-0.5562921517620659,1.0,9.103233423710607,-1.2016257892367284,4.837181879072721
64,1.0,0.6817380828740695,0.6282374755974911,0.4371082258225596,1.3220843450130433,1.0,37.676799241032825,49.07379373623506,10.667963040789369
65,1.0,0.7732508365346173,1.5334659933878174,-0.21947718280673886,-0.45238795793896613,0.0,21.5207976524813,17.90083088272676,28.842421577701405
66,0.0,0.7023335243291159,0.0662211434042922,-1.8087295713388385,0.30629946182691214,0.0,-3.2269284814875236,-2.1741005100617716,3.1851011228052637
67,0.0,3.0714586984039496,2.3764945049656365,-0.04860537502533509,-0.7045480525041495,0.0,73.70312315962447,164.4987382389143,10.667963040789369
68,1.0,1.7267095579476364,0.27114686451503117,0.25876740655202235,0.4425452194756346,0.0,25.838276267074786,32.113499928669135,10.667963040789369
69,0.0,1.9995959215278818,1.7125845809222804,-0.9490287153788333,-0.4055444973940039,1.0,30.9597160651447,57.932560503666366,10.667963040789369
70,1.0,0.9850231873782782,-0.20109873241412274,-0.17643547036190113,0.5860727385114304,0.0,14.310830419773076,14.521996598653974,11.42704378082544
71,0.0,-0.11784509778266505,-1.9194032210220693,-0.2707809421314966,0.9235115683091802,1.0,-1.3005405240292527,-2.0218034116238925,-2.500415232116837
72,0.0,0.4187744944417474,-0.8184273847978716,-0.3539921271427901,0.21138442283202252,0.0,1.2887434032458005,-1.877127850312196,0.5510067684760052
73,0.0,1.2269008035953082,0.5935682527274968,1.6429150582831518,2.3135630947548593,0.0,59.183479390991586,121.49125841142447,10.667963040789369
74,1.0,-0.3114321266154232,-1.3748714260704493,0.30652182308349285,1.3724375799216029,0.0,15.420475705646234,3.099977964683491,-1.5585039924734274
75,0.0,1.961671987134546,2.170794127830685,-0.21742493173845345,-1.030464592775731,1.0,42.93182763026303,78.07331106880574,10.667963040789369
76,1.0,-0.20432956750203302,-0.9670060301222809,0.09563390906275024,0.7264995187826071,0.0,12.100645927997421,0.16619725934152463,0.26383792343053747
77,1.0,0.03527179098297595,-2.2404318421910125,0.00543505127304946,0.7434424438945506,1.0,12.352236603971152,-1.261316073044747,-1.0883851949969066
78,0.0,0.7538446333475934,-0.24389680349143272,-0.3545709520282855,0.20853279524713697,1.0,2.709294373046331,11.318812325671006,13.44627359517679
79,0.0,3.2813806009279993,1.2528913662315013,0.37872074148121165,0.3619503389868525,0.0,66.88620715747467,180.0381076053953,10.667963040789369
80,0.0,1.2595499580282128,-0.11669403415719037,0.17811260748014396,1.2922310988745922,0.0,9.21207358616209,26.49223962781917,70.05433405321031
81,1.0,-0.09968603775551044,-1.0966088989593414,-0.9720564437431036,-1.1234928664371164,0.0,-4.569085004222769,-6.686985093802161,32.518446822710104
82,1.0,1.3963761645080957,0.13897811302094054,0.4288139349186031,0.5721204615674055,1.0,33.19977619651442,43.475863173532446,10.667963040789369
83,0.0,-0.4204646014315805,-1.6124084747452827,-0.7818697356177251,2.370675538565908,1.0,7.543673409082549,8.144509974863254,0.5354538046075565
84,1.0,-0.48592850747950056,-2.30652088988103,-0.7121719060758858,-0.2802027985092662,0.0,-14.892965832619145,-7.521900643574588,42.14120134526562
85,1.0,-0.6181914695243089,-3.58970804435808,-0.23859056161924685,0.5968665170090242,0.0,-44.09645501556715,-14.667839594014112,58.53813480286847
86,0.0,1.099976667243296,-0.5000313861371621,0.2412313505624526,2.071799349902208,0.0,17.52285138902421,39.47403516234646,10.667963040789369
87,1.0,-1.1854551007633005,-1.4258153360217904,0.010568698753465505,0.415285874406686,1.0,7.990203641695395,-7.093979413780228,5.569911667779518
88,1.0,0.9020824336548944,1.515250853275293,-0.09403264297778459,0.5674160273967777,0.0,28.982187632331957,33.301830993840376,10.667963040789369
89,1.0,-0.4845206888495841,-1.0723741416535848,0.6014378016845867,1.5520345735286702,0.0,20.281661984188794,4.1633521129771,1.554086056255291
90,1.0,1.3295149556392716,0.5280616592434924,0.034466149952487854,0.22608518427458618,0.0,17.422267167423914,21.20863307405653,41.75027650629321
91,1.0,-1.1937165040007995,-1.0663094838196165,1.0264778337847942,3.1112390353925257,0.0,79.34632253085626,46.6553020398833,10.667963040789369
92,0.0,1.0416864769498573,1.05514733109256,-0.8503085029786176,-0.18340571840633424,0.0,5.012961688557459,9.55433181648038,11.815978992795381
93,1.0,0.48952291323403574,-1.9966756844980529,-0.016999536179901614,1.329016241695528,1.0,23.827961619294914,8.172523349865823,4.556936543776769
94,0.0,0.30113242392884765,0.3340882372613037,0.06961890156403919,-0.2840318222424669,0.0,-0.08354043642463177,2.4855243228177897,1.7688042511012267
95,0.0,-0.8691255973712877,-1.7125183172765353,-0.566489466899802,-1.1206103705000015,0.0,-20.913228250835516,-9.106991979120409,44.748004555332216
96,1.0,-1.8088094029088095,-1.560030241825039,0.13026300436398644,1.1338124113702417,1.0,6.078819434967667,-9.831038638080349,5.217913888275497
97,1.0,1.4298555710033052,2.1930072435166448,0.43355281290832476,0.5161602696504175,1.0,77.99834775016124,108.95669963070554,10.667963040789369
98,0.0,-0.031359633675054455,-0.7995719699641034,0.4098992993410122,1.1676783017468275,0.0,2.605678241283962,4.477682324711513,2.401023256378437
99,0.0,0.3589293445429375,-0.05647345693110456,-0.31530967476696997,0.4796596243476181,0.0,1.1260303916882997,2.8871104765507076,1.0900356074837796
100,0.0,0.5219473496048612,0.04862353994039503,0.3066902651178627,1.2053525994917909,0.0,5.541806387995804,16.73085528271824,36.20535272072673
101,0.0,2.550755564053899,0.3392057167517784,1.0907796205198603,1.745975582231321,0.0,61.69932453967896,136.04879217663725,10.667963040789369
102,1.0,1.397079610847823,-0.14000739921322627,-1.7251984811977872,-0.4188469559005139,1.0,16.491912805697662,8.604668349502337,1.1097683846530348
103,0.0,1.2953187208255001,1.4471089004330722,0.051237995197858634,-0.281326684683218,0.0,10.046728572342406,27.1387753079386,10.667963040789369
104,1.0,1.33186234783187,-0.020193890485431853,1.483897822947191,0.8298967634740189,0.0,37.6623205808849,45.17593484701318,10.667963040789369
105,1.0,-0.4206464516637852,-0.12415052564586945,-0.6691851517363722,-0.5646648874510786,1.0,10.085527541028279,-2.8465517423111653,3.123268877717019
106,0.0,1.2643039367672544,0.5637610321940445,0.358558554427165,0.8656418026261055,0.0,9.756956725778362,30.372961668610234,10.667963040789369
107,0.0,0.2938256596625437,-1.8716427576732253,-0.4345490224146101,0.03349614891320729,0.0,-6.788966767264508,-6.9198819378035195,14.986241595108146
108,1.0,1.4968597189158324,0.833101870552853,1.599257986711321,1.3773525306893775,0.0,67.92765075981202,89.25868998363974,10.667963040789369
109,0.0,0.497803571354318,0.09843715538593167,-0.9947263638190048,0.19684150102271902,0.0,0.6995525385080437,0.008149630259627116,0.4360105873617245
110,1.0,1.3085413301163502,-0.7738499560403687,0.5709762425236395,1.7523902939127622,1.0,53.854927606557666,59.45383100273282,10.667963040789369
111,1.0,1.983501040311092,0.6950171200853175,-0.31648695718915243,0.9108190843924846,0.0,38.70345968110417,48.30684961007382,10.667963040789369
112,0.0,-0.644356309814254,0.5909004546825205,1.0785833794677189,1.0168332222230834,1.0,13.2158894769887,30.669916494477054,10.667963040789369
113,1.0,-0.43234948738616463,-1.698200148777756,-2.3019394712615693,-0.9012237184993795,0.0,-41.897362555196786,-7.318010462275665,66.66095636005868
114,0.0,-0.05011373725484347,-0.4544075447188582,-0.26653045892981536,0.5624960413185217,1.0,2.7777800565855637,5.743727733705042,2.4093789838857447
115,1.0,1.1999007138351967,1.5777074201462593,-0.7048828683715986,-0.5560733117860664,1.0,35.681714888900316,35.24936945199283,10.667963040789369
116,0.0,0.9567377950233988,0.9488895637473309,-1.4275749774632218,0.4688000198134131,0.0,4.6571380292951,8.82645030284968,8.30539020725761
117,1.0,0.8821763720227026,-1.4026804936529553,-0.3441785988479334,0.4230053188443563,0.0,8.779623246947022,0.40201551651951917,1.2486351915150347
118,0.0,1.6292197180749297,-0.4194573652694418,0.03801227726692954,0.9566308462476546,0.0,10.237778449598395,23.31540915796326,50.13519051160204
119,0.0,-0.6009574384128737,-0.6223525038840763,-0.6070057533465398,-0.2620457991453059,0.0,-0.6143395778540721,-6.406314450674855,14.247682123217142
120,1.0,0.04551736421463415,-1.139727342035738,0.40180598480779334,-0.03457941076488902,1.0,15.702908534276617,4.440913016426459,-0.43459954941165196
121,0.0,1.594188032906897,1.7479053932401938,-0.31257841511642825,0.6367410567204628,0.0,24.361533462389097,52.413457554053565,10.667963040789369
122,1.0,0.2597415766490754,0.4309875050181991,-1.0086038129174688,-0.8209766706913232,0.0,7.786027037569766,-1.6339014523041846,8.194887783620171
123,1.0,-0.037554557124323984,0.2888521238565806,1.066883721445671,1.3427835051219597,0.0,27.306801907117407,25.03438938787961,71.41941105466992
124,0.0,0.7578953744644055,0.026400316920570488,-1.0731715026054962,-0.1764431593903354,0.0,-0.8721881624472155,-0.9088607809513609,1.8002173402713206
125,1.0,0.5566245136032815,-0.3765234763583213,0.2664415002975384,1.3221225619153376,0.0,20.10752582849017,15.224962732784855,26.844700684144616
126,0.0,0.44862816693160035,0.8069008443532208,-0.09011829399330405,1.4760473593772132,0.0,9.2978229394844,25.700636272928257,70.52582923199724
127,0.0,-0.9079414845805476,-0.7212207741393055,-0.2210338747990437,0.18940333691887407,1.0,-0.36930381070911533,-3.524089038570267,0.05431038425923804
128,1.0,0.03646514195141759,-1.1251697840954666,-0.022222952653351915,0.5575120621232623,0.0,9.940098783804293,-1.6327261358919283,1.1402151225921835
129,0.0,0.8773029243837877,-1.3278484388782945,0.2220658041027261,0.5613826948454466,0.0,0.8155897748660648,2.6606638668572913,-0.12337024039182987
130,0.0,-0.013915093861324834,-0.46461199642463147,-1.3527438269207954,-0.9135652042206509,0.0,-7.8805338466172845,-6.864911623270671,24.734405370712167
131,0.0,1.9174405353564032,-0.20350306619755074,-0.66714050760643,0.30540171473333105,1.0,13.746835033096774,30.58086689980439,10.667963040789369
132,0.0,1.9587327092757936,1.0361141352361487,1.564579909202935,0.6987970964120128,1.0,54.523345925951745,120.43268106799592,10.667963040789369
133,1.0,-0.609833030489545,1.0561466432350237,-0.05899111782826732,1.7201646446677907,0.0,31.94721778474564,22.793317889826106,48.16515271978122
134,1.0,1.6697089213791143,-0.2303432592751708,0.09869986960508635,-0.049593749777451235,0.0,19.587414717390715,18.263923949567765,22.212883112773607
135,0.0,0.5796064913940735,1.7275028008096236,-1.4145051227352787,-0.11006779675432499,1.0,10.856334451557942,21.437667119583676,36.78989305943738
136,0.0,-0.2987617033631442,-1.735497510425857,-0.2684114876245905,0.1678169963463248,1.0,-5.166686627866229,-5.336123516541111,4.237845671464016
137,0.0,0.44953384752659864,-0.2178272714015643,0.33723129373212524,1.2128641811281633,0.0,3.8806613869096975,13.70365800849283,25.178216174864737
138,0.0,-0.7359995988270494,-0.3257526761831259,-0.405893807786163,0.6952537456273288,1.0,2.517937032374448,1.4688540610070595,-1.8778689084854574
139,0.0,1.478027706630252,1.113857598898493,0.38366627258858704,0.8215832145219985,0.0,16.38203179379135,45.63741983046461,10.667963040789369
140,1.0,1.5303322737670193,1.1615469630683088,0.8187185970655813,2.0123194430019438,0.0,79.53312281634258,104.22657321961232,10.667963040789369
141,0.0,0.3747342613327122,0.019459625885733245,0.4502156866412025,0.07984715285284394,1.0,2.7820057551018147,15.074596216608734,28.416881434777594
142,1.0,0.027560185769853973,-0.8040609513421637,-0.4403123921672351,0.07489221399606172,0.0,9.029291571103554,-2.052006795043156,5.627771970571477
143,1.0,0.057345805287861096,-0.5922199015556349,0.535791333856576,1.3023923893587637,0.0,18.46560824532546,8.5781107274694,13.220018793193272
144,1.0,0.8293976518100081,-0.8836986434742902,0.11703133698790127,0.31490812013417313,0.0,12.83487733855044,5.117862614219188,1.2358086084830495
145,0.0,1.5902924969725019,0.515816532601634,-0.23858970643405206,-0.23618266975594993,1.0,12.146946755190587,29.936837360744526,10.667963040789369
146,1.0,-0.45302244507355627,-0.9313851714557813,-0.7005702297170247,0.49096362505758245,0.0,7.670631439280921,-3.8614304840627267,10.289309649399865
147,1.0,1.0718657543130692,0.8524144956008979,0.06471574127402424,0.8470927835672941,1.0,34.73711227568462,45.74116527343122,10.667963040789369
148,1.0,1.1232154158178527,0.667618821472975,-1.3649704300263135,-1.6938503691106441,0.0,3.649426427847118,-2.0713606217287435,14.736005530724597
149,0.0,1.0955862585733187,-0.9115516395592818,0.3766275761118328,0.664798125183627,1.0,9.044224062888903,21.61741257196704,45.79682667097148
150,1.0,0.7437890397848501,-0.6299548248580011,-0.21469891911909914,0.1541731543641099,0.0,10.37363093988228,2.2896034672615206,1.1585096288798706
151,0.0,0.5803494223565466,-1.1483497381665067,-0.8194922948558042,-0.8076543419764156,0.0,-5.193777890186743,-6.628815916873742,18.937206967606915
152,1.0,-0.7743219045912197,-0.29357802844690595,0.3920959538158107,0.22011059384622916,1.0,16.584586609398634,4.438094597342322,1.188093963991603
153,1.0,1.0438716148824836,1.0776179688201986,0.38902846075461167,0.6959107602441774,1.0,36.6611338553314,51.984439409561595,10.667963040789369
154,1.0,0.4842618445986695,0.42144336187189463,0.774963391169492,2.3225532284960395,0.0,58.132243480885144,65.72725309039917,10.667963040789369
155,0.0,1.3353797896795436,0.27474932779014133,-1.6051232582140569,-0.2654219606955601,0.0,0.553096507220874,0.5245751570937032,2.0948976136365727
156,1.0,-0.11003034073638918,0.5315745514208183,1.0439126249485184,1.0552970973908422,0.0,23.068029190137683,22.35566698269468,59.900559109031384
157,0.0,0.6352754225765691,-0.8904615695881786,-0.3773770914108629,-1.1672692856552596,0.0,-3.199520061903658,-5.879684870446351,14.093010672747646
158,1.0,1.0884036076318635,0.4881476088620938,0.887657892156821,0.7713498705436714,0.0,25.13144313835554,34.063759847773845,10.667963040789369
159,0.0,0.5515095613930319,0.8058298701102198,0.023895646757278143,1.1385833912480021,0.0,6.865588923334088,22.177893361190236,58.338428568885526
160,0.0,-0.8309269533589085,-1.4308729675329857,0.8438968672475604,1.3493654363504868,0.0,1.4478752200617455,-2.1093264072015465,-1.9034969312604466
161,0.0,0.6942373121740453,-1.2111101126430082,-1.4249040207219896,-1.1702189068427629,1.0,-12.265984573785333,-8.423732430954173,23.930482619608863
162,0.0,0.028012614978145056,0.06635622777331673,0.01589688648482571,0.7780881462099101,0.0,2.5362040137723367,5.051243982029329,4.463308826331094
163,0.0,1.5408310446150897,-0.2573074880781621,0.1575206262433505,1.277563088718856,1.0,20.069525291884503,48.27058851165053,10.667963040789369
164,1.0,0.7697501281023644,0.7893981974997746,-0.6057720508793321,0.467292224876922,0.0,16.0908180406661,12.810142727249662,17.068912157519623
165,0.0,0.3691709028213854,0.7833886699366404,0.21960711789469597,1.7459059300970323,0.0,12.599119197210031,34.7221901829046,10.667963040789369
166,0.0,0.7163720133413929,-1.3847124622397007,-0.6850887425291508,0.5251352757866447,1.0,2.342811163988689,2.820014961042925,-2.5175396991829566
167,0.0,1.8192557307780473,0.18120295298448647,-0.0015089794368390553,0.2859808237180185,1.0,15.695315039189945,41.7841263809538,10.667963040789369
168,0.0,1.8406059476263676,2.849688344771496,-0.36570063802519154,-0.21639090614070688,0.0,49.18769954184922,107.4617313350108,10.667963040789369
169,0.0,0.3334331043477107,-0.6824186519337707,-0.17901652148220829,0.37822447394851283,0.0,0.926740074268463,-0.3842412618899954,-0.5438249300950379
170,0.0,0.6934981243158307,0.18041717497245585,0.11391192583621437,0.5393623894589235,1.0,5.940322179916355,22.236596926451217,55.33804041012424
171,1.0,-0.2520680122506108,-2.0927866601446032,0.25595939224209596,1.177144488434433,0.0,8.469302084188863,-5.4094256590914656,3.3814662463531864
172,1.0,0.34812935525247096,-0.270717181152771,2.493552643598516,1.961960814315419,1.0,107.6013970637568,131.607982835271,10.667963040789369
173,0.0,-0.7576610486853366,-1.0386553244468566,0.011915790937953889,-0.0704582003678691,0.0,-2.1271049076129653,-6.929470548618784,11.432156441954684
174,1.0,0.20798974190074204,0.09854804751608237,-0.17764024417879545,-0.17602144009467935,1.0,15.108737616385223,8.314058978363082,6.524490096962207
175,0.0,0.865725800089534,-0.46721815578636094,0.012294101575852938,1.1065214820851474,1.0,10.026641304268756,24.77431284189273,59.943668463548335
176,1.0,0.877292989234042,0.47739937284873596,-1.4823802188332116,-0.12532675712871455,0.0,8.285941868263993,2.1522352060792653,2.450105256945784
177,0.0,-0.09087902096278933,1.585879099619601,-3.4240214213821423,-1.3906183023176872,0.0,-51.72740744594785,-19.907453964621094,79.7943979240502
178,1.0,-0.062293210449831826,-0.5542477828789929,-2.1703555918739563,-1.396877263294284,1.0,-14.863443413297363,-10.14587851761677,46.80122893165741
179,1.0,-0.880187743841534,-0.5453675719392467,-0.025044827721154315,0.1333711487507946,1.0,13.34408905316167,-0.9532937779979891,-0.3675597733957154
180,0.0,-0.5306174440459446,-1.429120750020733,0.12163297723044772,0.555434075542163,1.0,-0.05942353170772596,-1.705985158967849,-2.59528466816292
181,1.0,0.44080862177385766,-0.38127743301608114,-0.44006757597279317,0.5963496891110548,0.0,11.098142272548799,2.474336667631052,0.8762984383498001
182,0.0,0.028265924048520963,-0.22123554496386055,-0.2439170703286416,0.26562496468155794,1.0,1.3488632584339784,5.958589821004136,3.1900197601068463
183,1.0,-2.5152564420603514,-0.482456923267802,-0.6077988339691508,0.15096089897044568,0.0,-15.560374104115377,-13.935283113591385,38.88701927777855
184,0.0,-0.1948977798196535,-0.8615089435732692,1.5490550868946114,0.6195271790302348,0.0,5.861000631676451,8.113544090596658,9.851127747820065
185,0.0,0.1440101293227638,-0.5721017749730887,-0.020091455225644952,1.2218355405885246,0.0,2.945947852605741,5.024458923251728,2.8757719583693686
186,0.0,-0.8987281976444328,-0.08863919049702704,0.10082011414659577,0.1327817358451095,0.0,-0.29232381829747434,-4.080266748270643,1.6212731250220767
187,1.0,0.37198207167410147,0.020492195856093243,-0.6052333544851674,-0.01870919213112332,0.0,10.71204154360442,3.2490398916149377,1.5342380980295083
188,1.0,-0.024185304555192966,-2.340237150808473,-0.005850685925383947,0.25490819992312264,1.0,6.19504699910708,-4.716601397924858,5.256798750356269
189,1.0,0.2809326008320614,0.3805115792390888,-2.2675610122057535,-0.5457700957126971,0.0,-2.9670038526692846,-5.488592799928924,22.402927861378373
190,0.0,1.567643083975569,-0.031688944433599264,-0.5008258637742695,0.33402265482240734,0.0,5.721231893571657,13.140667973157555,17.358089178850662
191,0.0,0.06754436317557488,-0.2677559273336332,-0.10133060435317164,0.5595502379463861,1.0,1.9389660955343873,9.232331751003242,9.836862502159443
192,0.0,1.8369780934585478,2.242876827832708,0.4518913595137387,1.461382397682565,0.0,65.92469385791816,133.98818316855812,10.667963040789369
193,0.0,0.5913858086056153,-1.1003576269057518,-1.6381346995687691,-0.43852060681996596,0.0,-10.899720389332312,-7.60129494083204,26.19641132072886
194,1.0,0.3758475166140913,-1.685989303072987,0.3549223131468506,1.0001791765213797,0.0,14.27351001442367,1.8093742639636523,-1.0536926335722285
195,1.0,-0.9291064256640877,-0.8143092849651484,0.35509754447476627,0.48065223498168064,1.0,15.077393137050231,0.14192402351844707,-1.7333914075877674
196,0.0,-0.615627949500102,-0.9001084416488652,0.06682605634179045,-0.4650701975496673,0.0,-2.5183919888466244,-6.694812913468116,11.919877333088152
197,0.0,0.4586610776255227,-0.3068999386006199,1.1007223881663066,1.46343064039899,0.0,11.76725221305748,27.23955117501001,10.667963040789369
198,1.0,1.739285541335821,-0.018643317136677773,-0.6429914413354811,0.6892942279336385,0.0,23.0930091891255,21.882958091910403,33.657187962968194
199,0.0,1.3015172461727114,-1.1395903098331377,0.2818245991680232,0.20131655285955335,0.0,1.6143605646093995,5.632847450626174,3.085272387333301
200,1.0,1.295611001298489,-1.6374150377696828,-0.27942306117177623,0.31493654406474947,0.0,10.519385635471057,1.3012795465562639,1.625842955948257
201,1.0,-0.5984203023372738,-0.10826140518509411,0.5268529950174823,0.8827289820219657,1.0,20.157961987652,13.402341490632228,22.84596220636596
202,1.0,-0.248458899272623,0.007009347127610033,0.19088942873806594,0.5796815020446714,1.0,18.23489668117845,11.892444956341647,16.965645841491956
203,0.0,-0.016718392222845102,-2.3310231957141414,-2.282766022908397,-1.0219282545776749,0.0,-65.1684186238217,-10.482511382846761,79.5511474254372
204,1.0,1.6223350578358975,-0.5170806044795777,0.16498681366289702,0.7876624519085855,0.0,23.089441158761915,23.694748106259176,43.83610396939523
205,1.0,2.5502121688765262,-0.11693126254598343,-0.5305592499693792,0.3845334027775684,0.0,36.439892671728686,43.57744369259005,10.667963040789369
206,1.0,1.04565060659595,-0.8784808523005319,0.014300573770134557,0.5049320206980156,0.0,13.387828953001371,7.390091063684179,3.9669389150189556
207,1.0,1.535680722404319,0.8323203711685678,0.8458779610468561,0.9928627322781971,0.0,41.17580713396303,55.71197874345929,10.667963040789369
208,1.0,-0.6742683822918623,-1.3389236148083994,0.522696488271017,1.0183656675967603,0.0,12.551942049715247,-2.8879030427543713,0.49912921724382786
209,0.0,0.48213350348756884,-0.9587893353789387,-0.3662995100193163,0.15092564759877736,1.0,2.407192392830207,3.232773959170177,-1.2889476177773014
210,0.0,0.3818380388972773,-0.5139328312370531,3.4392792093169513,0.871518456458778,0.0,54.59567158628006,149.46197652166518,10.667963040789369
211,1.0,0.03878300933324774,-0.47467985073545776,0.29174603461943427,0.5314482431692649,0.0,11.803226633825052,2.520529756266387,1.1008389012155917
212,1.0,2.829529211546462,0.6860661511471304,-0.5669707293363898,-0.5426853901786436,0.0,48.270320210062735,56.95608122295586,10.667963040789369
213,1.0,0.8315634518951026,-0.07056620602426206,0.6925064004009933,2.6601980709945847,0.0,73.39607398283567,84.32619047285225,10.667963040789369
214,1.0,0.20655649655698022,-0.41173450635572845,0.6385205545482673,1.840043134610426,0.0,30.98439421124686,24.84926339805066,56.774080525951
215,0.0,2.5348513679906506,1.0723333330330471,0.501817685932571,0.6219300107724949,0.0,39.72028608709186,94.87988032420566,10.667963040789369
216,1.0,1.2114337751733166,1.156075097692425,0.27981360065949284,1.2814320716404843,1.0,52.35582185059953,71.43722361510814,10.667963040789369
217,0.0,1.7564503932194258,1.0051196228474562,2.4034588368413616,2.4077048953172113,0.0,120.65746654859831,236.58688554915818,10.667963040789369
218,1.0,1.3835106543219529,0.36545894131670814,-0.661670479839012,-0.0857065117593816,0.0,14.842569519947837,10.863140327922856,10.029956928801214
219,1.0,1.651948352351545,1.5914532237751597,-0.5618134488408502,-0.07565379073189338,1.0,47.8041731535677,56.88518702847331,10.667963040789369
220,0.0,0.3559590921448103,-1.4714866621839722,-0.3729995498205457,0.04569313114483553,0.0,-1.706766616548122,-5.193643200117107,7.597483244559171
221,0.0,0.2486280646649085,-0.4957838756034646,0.213438112209145,0.3144192145060165,1.0,3.825766747205193,9.450357330773457,10.309896015215353
222,0.0,0.16288319833978998,0.16447714010612963,0.43509172621792164,1.9500439455639613,0.0,11.437457156314668,30.67366094643299,10.667963040789369
223,0.0,0.13938730652514436,-0.8424999291248263,1.5590752442917395,1.1170756633993817,0.0,10.009397425358626,18.653184381711235,39.13818944833133
224,1.0,2.1441087647736055,-0.6603980028590619,0.506927465558878,1.150611185618297,0.0,44.37597551626089,51.162973796657326,10.667963040789369
225,1.0,1.1777999017212437,-0.20851158303532014,-0.5218304340812822,0.561438474622175,0.0,13.599245960307481,10.522089792872041,8.840938911444805
226,1.0,2.8559499163655166,1.503820412442588,0.883615004781917,0.5219710288168989,1.0,123.7467734327065,198.09495206294343,10.667963040789369
227,1.0,1.2577240474935785,-0.6976325666023377,0.06563431224036144,1.1472075817743965,0.0,22.23123448601088,18.388241542762085,29.921105256023377
228,0.0,0.7218163712138801,-1.1726436720678233,-0.0058554328089076985,0.5610950225834203,0.0,1.4192245357183824,1.1554572544405015,-0.9771433791017045
229,0.0,-1.3748161109721875,-1.2706816900054008,0.6567892958325316,1.412705452169476,0.0,-2.793759783762606,-6.147512644266496,-1.4360377560986062
230,0.0,1.971583291796302,-0.6740000318329471,0.21070941826830003,0.20826772696038498,1.0,16.14079793467905,36.26331927289102,10.667963040789369
231,0.0,0.7089874292135717,-0.20705956592207064,-0.39628227735597404,-0.3808173889769674,0.0,0.2409925372271339,-0.3207049138221416,1.0344128110439499
232,1.0,-0.07693386349189435,-1.0167116333637605,0.7863342968927521,1.5995546560478555,0.0,24.613959723168875,11.45730168175178,14.648160876462684
233,0.0,-0.7172284432840068,-1.2935249495603047,0.11433027760264679,0.4428713194446413,1.0,-1.8144309270384265,-2.761644921647247,-1.7907225900341992
234,0.0,1.4934723461469543,0.6102096908247063,3.0836537804690063,1.6743032961524174,0.0,104.1989412180478,232.9022897434662,10.667963040789369
235,1.0,0.5998506957504803,-0.4680970724352295,0.12364923862263985,0.211131163321713,0.0,11.002472725984688,4.571102830579619,2.2023820987856055
236,1.0,-0.2095236587208391,1.3349994840576227,-0.0035828069031829525,-0.9204796165854655,0.0,14.457634746894135,3.930042602200406,2.745028417560194
237,1.0,0.808972583431793,0.3801030461631429,-1.7561870343086454,-1.8758188814277044,0.0,-8.418452739558845,-6.711936769764647,33.39665992128125
238,1.0,2.05519665400265,-0.42559278773365594,1.1952688321570994,0.9183120024036027,1.0,62.196030948344394,83.42737387493945,10.667963040789369
239,1.0,2.307967803681211,-0.520829424003387,0.8347916235422268,1.817979989561119,0.0,74.5394463283234,94.69610877881841,10.667963040789369
240,0.0,-0.5016758406871891,-1.4990384193161714,0.0803389167918531,0.519478320788053,0.0,-2.887665807462575,-6.501576132645173,6.848101462229248
241,0.0,0.6152846472144725,-1.835881886108318,1.3232763654495583,1.3799000935808907,1.0,22.812435142862057,30.09644271268054,10.667963040789369
242,1.0,1.4886115148577281,0.4290673577122484,-0.17850317965907295,1.4184377914516895,1.0,47.23448798260712,59.61931807584029,10.667963040789369
243,0.0,-0.21006523309538017,-0.5555757343948126,-0.16697462572528948,0.6271193844836692,1.0,1.7994579824464276,4.893956089033956,1.1004804981097664
244,0.0,1.3007510105876978,-0.03126126149804964,1.1867195755641975,1.9173802462901919,1.0,42.79546311069795,92.28129673118613,10.667963040789369
245,0.0,1.2719097524912835,-0.7682606085309226,-0.04973816308214395,0.6102475328641934,1.0,8.299006344877627,20.63740362143524,39.600534086582925
246,0.0,-0.7970153831638189,0.013723134511653579,-0.327935883173784,0.6977143597754263,0.0,0.9960623003114834,-2.7155555215884872,-0.34986591866204825
247,0.0,2.6562885051371996,-0.2805906797605627,-1.4973783053995546,0.2966179150147833,1.0,22.263184292054774,45.06990213631324,10.667963040789369
248,0.0,1.140994118485227,-0.1294990149291302,1.289161475729579,0.5466411263880976,0.0,9.62811929728299,28.550742539118193,10.667963040789369
249,1.0,0.22846461748445257,-0.9605950238956338,-0.5676382558158448,-0.6508331060487696,0.0,5.582262797773337,-2.4662280970233974,14.721890488765375
250,0.0,2.138266011286351,1.6975171468860493,1.030210600894885,0.7284212432338385,0.0,51.44271011678115,109.82605095813982,10.667963040789369
251,1.0,0.18766488398249048,1.17458419773495,-0.36994369654584786,-0.07508593426211385,1.0,22.301444135357702,18.838029046716365,33.65114609349971
252,1.0,0.7810361377442296,-0.6320252967959009,1.0552219750882594,1.0112538398192408,0.0,24.25227390628149,21.446177231739323,46.29520902955914
253,0.0,-0.021728782350159404,1.0436448352063636,0.859288926427832,1.7774240265615915,0.0,18.558657977968668,45.44804206798568,10.667963040789369
254,1.0,0.39575270337791846,-0.5812263757879688,-0.003369516186509465,0.15466763001738681,0.0,11.53598516626357,3.3441789493762393,0.4675205130678388
255,1.0,1.1429435576111877,0.12215801752390554,0.42690543555464744,0.6768803156145994,0.0,21.153722271800937,23.854109512802893,50.94541688635505
256,0.0,3.319261464176961,1.7404310190023475,-0.38727334332734165,0.9728416428904905,0.0,87.47888656055477,213.44022485139405,10.667963040789369
257,1.0,1.6123430629716706,-0.03173013723814455,0.7540124768348807,0.45274408848573205,0.0,26.55974122560265,32.22744251860594,10.667963040789369
258,1.0,2.101204441526642,1.0994758184471525,-0.1527932278397625,0.2976314981984636,1.0,53.2864079364078,73.99024896341771,10.667963040789369
259,0.0,0.6370087610699767,-1.0958814157376913,0.076176500143495,-0.24126679353415859,0.0,-0.05453648274584422,-2.293362354256381,1.7145122661281822
260,1.0,0.35122930172450845,-0.434364867867305,-0.39887451770466426,-0.7619647048840982,1.0,11.821745674441338,1.263224378702135,0.8434443697281767
261,1.0,1.5779287283363914,1.6054553148483437,-0.22159725906584418,0.5563496701760673,0.0,39.08963861037439,48.08830898618194,10.667963040789369
262,1.0,0.14853754264594599,0.7935361655576192,0.9034707376912808,1.1022945791779062,1.0,36.24680553902572,43.96616847750296,10.667963040789369
263,0.0,1.4914356667314803,-0.7376330745566124,0.1816366179362456,0.5207330203943149,0.0,5.97239149111489,13.4129620228217,18.33649392730327
264,1.0,0.9389105083441269,-0.48494914417923163,-0.14299045483781125,0.6932448737609828,0.0,15.107885900519982,9.729198406222814,7.759025456962813
265,1.0,-0.40749522847346153,-1.1084072653256607,-2.258635940161269,0.023600809413130364,0.0,-15.7890724114772,-7.280120169203947,43.706374150130124
266,1.0,1.4691402930728796,-0.8028701402812226,0.256413733077952,0.4206989311981997,0.0,18.136076208404205,14.633180801063272,16.760190525529445
267,1.0,2.485388296951771,1.6228009900183682,-2.6373619099759504,0.219544244906828,0.0,52.79223806394349,39.433721662925194,10.667963040789369
268,0.0,1.6231379905614287,-0.17996087831599633,0.8517902344963896,0.9492462564155342,1.0,21.59858376759203,57.28156366919978,10.667963040789369
269,0.0,0.9052195138469489,0.797919698776776,0.09962300726679135,0.8468348187508071,0.0,7.106494641658412,23.69676188503827,65.19174992371313
270,0.0,0.4557060796697957,-0.4850421598547182,-0.02592473397118921,-0.9342549322378723,0.0,-0.7871233767045842,-3.428031185790363,5.21801775682969
271,0.0,0.7438790987025855,-2.2239490348457998,0.013741106031727025,0.4106297466973735,0.0,-4.052262848532991,-5.007836864050902,3.1441713114098606
272,1.0,0.6355894674040818,0.6888668360193262,-0.03849596737195035,0.5897949584482486,1.0,24.375085102705107,28.556378847272168,10.667963040789369
273,0.0,-0.04546779419314473,-0.934466941922125,-1.1138227149856272,-0.3521076080426263,1.0,-3.738089302144803,-5.3904126354188096,8.920180004985207
274,1.0,0.9875576806473115,-0.6701470984648106,1.0444168879016211,1.6913630062787544,0.0,39.142969489864086,37.95580310234996,10.667963040789369
275,1.0,-3.0727203601388755,-2.0451264044468123,0.8852353710608107,1.6181932426441579,0.0,-24.941336463302953,-26.448491025084266,59.696262364533105
276,1.0,2.9004968292068773,1.1221089365191204,-0.6645622557445874,1.1971798891979812,0.0,86.80859760226818,123.67522912574594,10.667963040789369
277,0.0,1.6400863240168548,0.07527708310305709,0.9549482314070663,2.4523448882938395,0.0,51.16092135636698,108.17661526736642,10.667963040789369
278,1.0,0.8833479575520342,-0.33009531669065145,0.4883694895256707,-0.9409595444496776,0.0,9.537285915759409,3.2494161403052058,2.2865923033637325
279,1.0,0.03226555800743092,-0.3945182168244426,0.5991002019523205,-0.686735896972488,0.0,9.936924681744513,-1.1935078714378395,2.2908538909915386
280,0.0,1.1077379621663348,0.19401485200844754,-0.4286147540243881,0.24275738038335337,0.0,3.557373032437902,8.781923863603248,9.977950738049255
281,0.0,-1.2171446497792173,-1.2258053611892281,-1.261123872693012,-0.012106111809653819,1.0,-15.75595976634844,-11.045308859541269,30.516964969537916
282,1.0,-0.022587678792270194,-0.9595220949951841,-0.006500338148595337,0.4772588697900455,0.0,11.098318219674342,-0.07554929980107472,1.0662568691481613
283,0.0,0.9977445022498592,0.10561599284019324,0.2530431281640656,1.4855520641513253,0.0,10.991011382216046,29.19625227074232,10.667963040789369
284,1.0,-0.6447471169053742,-0.8503517099205924,0.815669904101728,2.1644664936399307,0.0,36.04711774779413,17.329168881765334,26.66018556863767
285,0.0,0.07724512225000801,0.007083348645706922,0.9075896936745572,1.5632691735800064,0.0,8.433331022355578,24.539509137205542,66.52665392060415
286,1.0,0.7924033790653314,0.41887572905664977,-0.2881934317847153,-0.15779651524703597,0.0,13.15134460436201,9.401253860399574,6.118262738314192
287,1.0,-0.520884123817619,-0.5104295076364497,0.11281937375546165,-0.1568753410633268,0.0,8.701737085605853,-4.081704507351355,5.052708436415621
288,1.0,2.1319168081266735,0.045266922122570996,-1.2984124935778765,-1.3724854353063702,1.0,23.402256249136197,13.172145007596203,5.992632735022488
289,0.0,0.9457746880629782,0.08775783978575902,-0.06660199503033541,1.0464537010588537,0.0,5.429678915228901,16.868770587576467,34.35985569195695
290,0.0,0.5270469179097921,-1.2018547771686685,0.4749705934628991,0.5436716869516062,1.0,5.373289181537369,11.051620342508842,12.563010744158394
291,0.0,0.7126693361970795,0.6084760532907985,-2.3410944976717185,-3.391964869152082,0.0,-79.2810474419681,-17.423463297300295,100.84930024262441
292,1.0,2.1471578536499485,0.493465842712052,-0.5610278320606702,0.5004811829215884,0.0,33.203441592532656,38.77182479423873,10.667963040789369
293,0.0,-0.8464661822549062,-0.5040339985105607,-0.0739377991477017,0.8840607701295258,1.0,2.8470569380700637,2.795064842293206,-1.0616700216306092
294,0.0,0.29818171143129346,-0.11914481253276346,0.47962895392391963,1.1439648354639713,1.0,9.27530301534734,26.479808031032096,74.60868494009135
295,1.0,0.9562114406022506,2.1930301052457577,0.7076702713609871,0.5578425371848907,0.0,56.36967812235437,74.30404415158371,10.667963040789369
296,1.0,0.3986756800517348,-0.09021957533761488,0.9531290743394012,2.6329809835556306,1.0,86.93154564842952,104.79464062616024,10.667963040789369
297,0.0,0.3581107085455176,-0.6208564350579091,0.2887352510772238,0.1725922014502731,1.0,3.565969183303519,8.978044413312567,8.908200497194041
298,0.0,0.25373958088285187,-1.5363437619873799,-0.4998074470563328,-0.11744454025746465,1.0,-2.412797813499241,-3.5138116348054433,2.542720540055555
299,1.0,-0.29460535098365626,1.025441561205824,-0.010972012580556302,0.3719360687698421,1.0,22.141867285633506,18.350860816656013,38.47143166155079
300,0.0,-1.4923883491698298,-2.4224205333626263,-1.9769165762227179,-1.515240194934917,1.0,-96.76397058606823,-18.28712733887204,136.5479002817574
301,1.0,-0.1402819467469315,0.3954278566060187,0.12124415311699872,0.43684993561354546,1.0,18.113246822599653,14.035998849015451,25.47421865198456
302,0.0,1.1082587742856362,0.1173671316888601,0.4446267065046101,0.6985909628322178,0.0,5.979577171455086,20.319972079382513,49.58354729102902
303,0.0,0.6663112458458536,-0.04336264194808709,0.6109759415931383,2.4858615502760872,0.0,27.024014310481967,64.20539810338715,10.667963040789369
304,1.0,-0.2623969413803948,-0.8972856901951936,0.07100991128265782,0.9230232392112705,0.0,12.886577795239287,0.11313909741331707,-0.40257922110945327
305,0.0,-0.03740426777970951,-1.5573670781954616,-0.9803252823492038,-0.48011135682150974,0.0,-10.38224507797333,-7.766312802722417,28.328276487029957
306,1.0,-1.2227725628257031,0.3117334777456467,-0.4772697298560102,0.8496451609732029,0.0,9.48223067920988,-4.123055877090127,1.174709447885604
307,1.0,0.49421794887686576,-0.2144177241582118,0.7945013225697946,0.8828389676273996,0.0,19.96779339772972,17.55920534659866,31.503218454953778
308,1.0,0.8225815602348607,-0.7335381975345305,-0.07189838298923767,0.6578576417547408,0.0,14.777830940792933,8.321595838262994,2.9305364619393703
309,1.0,0.3729434508545418,-1.2747185191730361,-0.6334952654442663,0.1008203000610629,1.0,12.433055910584093,1.162193690072725,-0.18032101559255842
310,1.0,1.6028173199082087,-0.5966899611835517,-0.037364874054069144,0.35952624852131826,0.0,19.518452299482853,16.59341689248045,16.3527400465061
311,0.0,-0.638898418280041,-1.2687154849364928,-0.4382226597313127,0.4268839986842352,0.0,-3.726716496619974,-7.312751877837484,12.60446242135512
312,1.0,1.2715447692174195,2.3502599475021992,-0.17041454378282658,-0.09885496592272047,0.0,49.97461589831573,58.5493087950549,10.667963040789369
313,0.0,0.35351195940787944,-1.0092335468273297,-0.20242076251414126,1.1943828805986756,0.0,2.5116185236584245,2.353042864710758,-0.9979121417740124
314,0.0,0.34711842700484374,1.3769299221963502,-0.7617772707674416,0.01591464513450558,1.0,8.914163914777681,19.590723696906313,38.3315629420365
315,0.0,0.05633581893379802,-0.2911493999856998,-0.5182383095861147,0.687210411136371,1.0,3.158426183755325,7.138532302142869,4.42540187575117
316,1.0,2.2088914819462646,2.343305787209739,-0.06553791980116869,0.9645129700553412,0.0,96.58199560795256,134.14941622604803,10.667963040789369
317,1.0,0.7022527102678315,1.141053848309554,0.7110793701605965,1.6474685727560314,0.0,46.098251096529374,56.48533785824347,10.667963040789369
318,0.0,1.7338711982350863,0.5430064910798338,-0.6842294574776744,-0.558404958798021,1.0,11.279313847412839,24.776852908165125,47.52484960870021
319,1.0,-0.13589198219283505,-0.6610371680430269,0.3690106225182215,0.23728874397009775,0.0,10.60577867519911,-0.5786539997816618,0.32899370840242104
320,0.0,-0.8834496819631406,-1.4833101760672027,-1.0128441814745697,-1.1302399189732877,1.0,-20.060159691304964,-12.031043319438796,48.79229437147059
321,0.0,0.9513069773427342,-0.5203506093014045,-1.3659987278968013,-1.4147960135685307,0.0,-11.45895218450118,-7.99314217283182,27.05534699856492
322,1.0,0.4004330801253635,0.008902654669563415,-0.0010933799414589182,2.1735191630415978,0.0,39.502740964991574,34.945961512290225,10.667963040789369
323,1.0,-1.2858483898214113,-0.9079757374829482,-0.5321232177529084,0.7160482186024597,0.0,4.13179740621915,-8.668205125100021,16.505996250382665
324,1.0,1.5871399919430997,-0.24691479633716734,-0.2975641492698858,1.0291877234573668,1.0,35.32824111965567,40.1021064143502,10.667963040789369
325,1.0,1.2409978121427256,0.5511802299559754,-1.5931363262108948,0.11024462153449771,0.0,13.872327076057376,6.5113119989321575,2.9559873581415568
326,1.0,1.390150823367318,-0.5731156992069207,-1.0734514857583615,-0.42651659812800535,1.0,16.23175486237246,7.634068323382822,1.6946362766251926
327,0.0,1.5185658889795794,0.0760239863784255,1.487180878494943,3.6482088257778744,1.0,147.52504291713888,392.9392140461004,10.667963040789369
328,1.0,2.057970058416355,1.3084393064826938,0.5950930686392092,1.133350759224741,0.0,65.83873896743087,91.76705323798095,10.667963040789369
329,1.0,1.724527324577207,0.05914981729223906,0.29741768482142084,0.4806964279367349,0.0,25.315012956271143,30.266096573764152,10.667963040789369
330,1.0,1.6783687729826389,-1.9132610088025899,0.10960665536315997,0.960625594680145,1.0,35.984673791465625,25.603491472136582,40.089876180254855
331,1.0,-0.3317459270854177,-0.99026218390005,0.12660796480558462,0.8196343406209097,0.0,9.866702844265431,-1.8243629089837907,-0.006308909332546797
332,1.0,-0.6436804254498016,-1.9129717127011243,-1.016632315439728,-1.3033302441689547,0.0,-27.65717863626463,-11.073782623129334,53.6643931155139
333,1.0,1.6412744330374154,1.0347999973669175,0.6601043719666996,1.5271740025722833,0.0,58.452831277547666,79.2122597055871,10.667963040789369
334,1.0,-0.5759371403743638,-1.8884905195223327,0.7573780427804601,0.9184854461094363,1.0,19.609577614993718,2.33515141421515,-1.6105649955446557
335,1.0,-0.08251842216209426,0.534896879544223,-0.9718191945395643,0.30702838669209304,0.0,10.657142135267215,0.27193686468699907,1.2895418982148443
336,1.0,0.8606449421127309,0.009716017574420144,-0.8889587101317451,-0.8083557929298656,0.0,7.767823318488848,-0.6535545020849565,5.796190359572579
337,0.0,0.1326876255995495,0.32670751262043846,-0.5474923734317088,0.5205015768044967,0.0,1.0546492910332572,2.640954423611298,1.0093834728460305
338,1.0,0.29563946747983727,-0.6351859975074055,1.7643034129462727,0.9035365505428821,0.0,32.665037821711806,26.906785693790916,10.667963040789369
339,1.0,-0.2564070978294444,-1.3025104555296347,0.853624357061593,1.467868490823618,0.0,22.050661277613038,8.768905601607678,3.810784239079498
340,1.0,2.2248547550368967,-0.31380865653127243,-0.4855893357207296,-0.5196690194811516,1.0,33.099251194604555,32.17327330920175,10.667963040789369
341,1.0,-0.3862398250811401,-0.0011529099848225366,-0.4480271409818208,-0.2597470644361012,0.0,8.426840958914742,-3.458808578181668,5.711109319970381
342,1.0,-0.9658145008527232,-0.8881648270777305,0.255616290280173,0.32347356989565984,0.0,7.884120756904454,-6.178306502084109,6.511561088673033
343,0.0,-0.2410430703121932,0.6080265016081126,-0.3479129213916474,0.661659834743418,0.0,1.2788590313961388,3.7946626095079576,2.704188736226275
344,1.0,-0.15952147454828314,-0.3131195237962369,-1.8523704716605203,-6.060012504237055,0.0,-332.34243943891596,-16.319881067314025,197.75635183273587
345,0.0,0.6609824192194137,-1.340642248584786,1.017325402338318,0.9571787923568462,1.0,13.858720842297334,23.17245650814051,51.12085951862486
346,0.0,0.06309293336710364,0.9338158804455843,-1.1319069473813126,0.34234944511023313,0.0,1.9512322702252038,1.8568958676412426,0.7842254337985443
347,0.0,-0.7949661555748797,-1.1712401884664356,1.6691648641462904,1.0122985144793817,0.0,4.85239812385638,4.7684473484166965,2.474528380811613
348,1.0,0.4063130967828157,0.10192092382037804,0.3135126709480031,0.8846060625663623,0.0,16.494671023976657,13.495816634302516,22.359300000800488
349,0.0,0.7234332819042844,0.5157888528909993,-0.4414964815306086,-1.6653210582858256,1.0,2.2166829615520762,2.9503204053961274,1.6635323558545627
350,0.0,0.12941825128418372,-0.8783619261262745,-0.7763794651419015,-0.3061644942985221,1.0,-1.1995651662542248,-2.858931081789482,2.254018330130142
351,0.0,-0.5687490347083406,0.022804697308653976,1.6544375154420996,1.7486011229297969,1.0,27.594087921118774,56.1389323041247,10.667963040789369
352,0.0,0.879986692814873,-0.2401588537025629,-0.16628319651615248,-0.6476858888672027,1.0,2.4142014910639453,7.464007922671936,5.097981250769374
353,0.0,0.17916693819304297,-0.845853328611694,-0.30073631186586136,0.045488957922146245,0.0,0.302112473993713,-3.3509813688257184,3.0433769683898193
354,1.0,1.5772480425498079,-0.16767088588697426,0.20756058888201592,0.6935010714253327,0.0,24.424486410315424,27.219097335913485,10.667963040789369
355,1.0,0.6986361477852698,-0.5595728470671161,1.1439456029116954,1.2804691577437206,0.0,30.299685934373674,28.32256884356995,10.667963040789369
356,0.0,-0.39715634978642766,-1.0454262410287112,2.1651449129387252,1.5610954564336788,1.0,31.651950277663822,53.89125685203963,10.667963040789369
357,1.0,1.352216037893671,-0.15840686590301442,-1.3422628542887955,1.1249686052730299,0.0,20.33775220430777,12.190416845046709,9.676671676002996
358,0.0,0.7730218201384131,-1.212371873118916,-0.32469490031515297,0.6583324703970066,1.0,3.146134353310881,8.10497038387437,4.31225150239044
359,0.0,0.5032437600190031,-0.594903638812446,-0.2565980174475318,-0.015475855511210113,0.0,-0.0854167606889753,-1.0219633859189678,0.7664126289622517
360,0.0,0.28928064138731524,-0.55572833084371,0.349132580490273,0.5842788285620963,0.0,2.250815482163825,3.742269561133548,1.9585775774377367
361,1.0,-0.5041993211457396,-1.327397971935896,-0.5678963343136784,0.4216607057003966,0.0,4.632996703116806,-6.3973592078922215,14.705733804852152
362,0.0,0.009896203419234861,-1.3864903955122767,-1.4066206828230987,0.07297049797802813,0.0,-10.752387754034205,-7.777027986871158,24.794637685407544
363,0.0,1.39682093118547,0.4632667145349016,-1.4855744063198941,-0.5719874811544082,0.0,0.7700382026502282,0.9407770249667782,2.561073879173153
364,1.0,0.7914330101769198,0.2174499869899909,-1.6271672976734677,-0.4287475238824602,0.0,6.976991638571808,-0.593289953791512,7.904121973268723
365,0.0,3.1525684827742664,1.9949438589869153,-0.2805471238394498,-1.0160597237896525,0.0,58.43552595179502,128.37603784255907,10.667963040789369
366,0.0,-0.7654306017995376,-0.5343827686893126,0.07749986915067111,1.547872078840848,1.0,7.4675335262980305,11.665050006168139,13.861972381275077
367,0.0,1.6178479645758133,0.45448565639238775,-0.8361862065137426,0.5537299856789615,0.0,7.463714094675402,18.67498832740882,32.60359088543183
368,0.0,-1.0544429552235874,-1.4189599507691504,-1.264821604084368,0.2864548523894763,1.0,-14.899208988966157,-10.699769612134306,26.058991200122442
369,0.0,0.8345480430667384,-0.05354734096420699,-3.1880559605586227,-0.7413062807561938,0.0,-35.88493436990432,-10.901828905880318,48.082237405349616
370,1.0,0.7266987209181233,0.4362047619437713,-0.5066068922078059,0.6389259148126957,0.0,15.048334504252098,11.23340300253185,13.384284832989927
371,0.0,2.3899298626317798,1.3131673650344966,-0.3833487071843437,-0.31563395969196373,1.0,35.65309395968658,76.7308614742807,10.667963040789369
372,0.0,1.3552977680603076,1.0316750737792284,0.12059769281680434,0.8295335218714057,1.0,21.130549146406118,55.53698731962316,10.667963040789369
373,0.0,1.361328125326525,1.9872828345639528,0.9577778094829662,1.9193852171172638,0.0,65.21620695242828,132.3052320024223,10.667963040789369
374,1.0,0.2683656765143715,0.8834955166118021,2.8992682495254263,4.297106554894574,1.0,459.98812782295465,912.8882076506524,10.667963040789369
375,1.0,1.0992425831770534,-0.12182907636256832,0.3244972623023967,1.066084581773715,1.0,32.942767612593954,39.52418365487553,10.667963040789369
376,0.0,-0.11041893803871805,-1.1861581812337159,-1.9803321354650139,-0.6198605512527865,0.0,-21.44345090665635,-8.410955595128256,42.70326608857666
377,0.0,0.9318950671670356,-1.2718059279318104,-2.3556033262451224,-1.1036753248226847,0.0,-34.57639535410429,-12.045641586876496,61.91974346814335
378,0.0,0.17245107718832375,-1.3901393883932602,-0.40419128858587144,0.250742966746293,0.0,-2.413983574169489,-5.111020036395931,6.98613877940766
379,0.0,0.4395285160047778,-2.1875729519230487,0.21442479698257352,0.3128524559580374,0.0,-4.263451151414957,-5.703158583640729,5.077031999351878
380,0.0,-0.5490169655233959,-1.239653268242335,-0.6533637833184489,0.1761175123869707,1.0,-2.6314830882180282,-5.672409263406694,6.085157725890585
381,1.0,1.3624692977704584,1.0726970401305937,2.867445045707919,3.763740530758465,0.0,358.47019002084227,617.8494550646443,10.667963040789369
382,0.0,2.547070245045051,0.8827300009900403,-0.5717910586384057,1.079047564770512,1.0,49.02807771724773,106.86452808901709,10.667963040789369
383,1.0,0.0024436081651372787,-0.8770201354516407,0.3282947681983402,0.8000625237015726,1.0,20.673877045415136,11.970898412996704,10.868725654948015
384,0.0,2.2648330280576565,1.809756135494932,-0.5784268988920656,-0.012377963667907,1.0,44.17771826221245,91.03411603539087,10.667963040789369
385,0.0,0.514911772268967,-1.4171129203597526,-0.7602933999064853,0.054971046558739634,0.0,-3.310701959764862,-5.552624318778506,10.266479345359546
386,0.0,2.258155718253498,1.3607096367285856,2.7544861530803657,1.941749131171537,0.0,153.37280248392952,305.54945964281814,10.667963040789369
387,0.0,0.08848869230806095,0.13359132952560704,0.7827926281609099,0.5767000261541804,1.0,5.934638259845117,22.155352319611914,58.36641586987642
388,1.0,0.05540248868831976,-0.05353819208346494,-1.0513514331423712,-0.6997100621668485,0.0,6.169729938884693,-3.300757326789121,13.159886580996336
389,0.0,0.3649364981372831,1.277769662789919,0.3017368372155435,1.5049014743239661,0.0,14.757313579713083,39.37838702673665,10.667963040789369
390,1.0,2.6455260972884362,1.1565690949065113,-0.47924392600295485,0.17986945840324814,1.0,73.20809058091099,103.41353318550784,10.667963040789369
391,1.0,0.6555326640203626,-0.24785410506384478,0.9594909962125225,0.6592615498111283,0.0,19.388576022665692,17.45086489171541,34.84223534651295
392,0.0,-0.06820883526788657,-1.2216066943200576,0.08669736847995872,0.7555220744062053,0.0,-0.038831487191396064,-2.546710616764679,-0.636259031153267
393,1.0,0.6848402796317712,-0.20047486310981014,1.312778060874739,1.1316712829336373,0.0,30.956323347827798,31.90924391703042,10.667963040789369
394,0.0,1.2204478775642933,0.5199060655121672,-0.5048443654023695,0.5969261368829354,0.0,5.471112852670546,16.111331988967855,29.567198817623392
395,1.0,0.46812735868277844,-0.3683331229167883,-1.8178445053353438,-0.036783281027122805,0.0,2.202490783436284,-4.454908692636139,14.494435113845583
396,0.0,0.5073291187062605,-0.48003351833193786,-0.23844917023537002,0.6494396186049669,0.0,0.8191881470035376,2.907232117411348,0.7615489115639862
397,1.0,0.4561735328686547,-0.724220119858866,-0.4392508273069623,-0.37612728439850873,0.0,7.781414527798627,-2.075573509948337,6.105428403653303
398,1.0,-0.09394171720528854,-1.1493408580960374,-1.156637590477889,0.28831139911770237,0.0,2.6817574071452985,-6.217144276987466,16.742370334733003
399,0.0,0.17611573382301127,-0.34756019719651915,0.12167275142917065,0.5025271885236626,0.0,1.9968441832034975,2.363086031253178,0.5842039282838797
400,1.0,0.9716106522842567,-0.20828575001693592,0.32613508689066584,1.988519136558141,0.0,40.40914761730843,41.419040760055985,10.667963040789369
401,0.0,0.39586230126732536,-1.188194417219635,-0.05207921755409643,0.4511645063327945,0.0,0.6515267030753464,-1.623067516341994,-0.439347423474565
402,0.0,-0.3087092801848589,-1.0282393400932461,-0.047977675842235355,0.23959554006394296,0.0,0.4888664310001899,-4.791166804387744,4.557196320911953
403,0.0,0.35432100614865014,0.5516948282496241,0.2651222843684468,2.0186742455649975,1.0,23.47589853591664,60.30246241020914,10.667963040789369
404,0.0,2.9420263876677795,1.5155403624019295,-0.11002338610123454,0.33913571445382196,1.0,69.82387053618721,163.33621442305488,10.667963040789369
405,1.0,-1.1221735880454011,-0.18275212128213233,0.379638665763939,0.6363715632440659,0.0,11.805764535553935,-2.744857129492912,-0.019667241491221926
406,0.0,0.7243997034812246,-1.2255461377590033,-0.28398337602195206,0.2370131836998287,1.0,3.1691408559615217,4.517670765822924,-0.890880496531069
407,0.0,0.8398682210203049,0.46921315198737107,0.9704512546262625,0.4731742183956842,0.0,6.660957515859984,24.20057381101808,70.31369331395675
408,0.0,-0.2188878989702252,-0.254506779719025,-0.3805913792289154,0.3406297656672628,1.0,-0.16070372937003052,3.5332849084504656,-0.1736202227965098
409,1.0,0.4757126203331289,-0.12398540335786529,0.9308378050320653,2.1336521704533618,0.0,47.11791587930477,48.91737180949089,10.667963040789369
410,1.0,0.3157339662131277,-0.1668293590830689,0.5466711379262669,1.3671338661845458,1.0,29.74973774625018,32.83094614666514,10.667963040789369
411,0.0,0.15758803989669568,-0.24133426854283885,0.7454368139266184,0.9230515329146471,1.0,7.679603876042972,23.163083991053075,60.47639275048527
412,1.0,1.6065314091674354,-0.10841035597247262,0.6958283081474196,0.07984812442712158,0.0,23.14049731286758,25.451181884039016,53.84389430180827
413,1.0,-0.45308274963927886,-0.6690055152076527,0.16172806373738202,-0.9242354896375656,0.0,6.297003686737564,-3.709324716958248,14.1765060060257
414,1.0,1.1120382118084118,1.089217836485237,1.1869120590220992,0.685724230502498,0.0,38.81120776726549,50.80211772399628,10.667963040789369
415,0.0,-1.062199311921815,-1.2594502379815615,-0.8454507003416964,0.7663468244036459,0.0,-8.835179844354373,-9.822714793873436,21.273481007663072
416,0.0,1.1365396777430932,0.7488652409939869,0.8523670465106488,0.37698569980391744,0.0,9.053794206150373,30.464547466046376,10.667963040789369
417,1.0,0.23020924625796713,0.4766990166879434,-0.42941537736446855,0.3046652988947926,0.0,12.566838870357863,5.484537877711428,3.3967631821590385
418,1.0,0.24348726955116762,0.2947559106943401,-0.9529202612484228,-1.0589860129929924,0.0,3.6659428657739532,-3.523808704399903,11.588670599755478
419,0.0,0.09952708346267658,-0.43258851928837067,0.05518838307804856,0.7511171029548538,0.0,2.1498330975094433,2.4943353366179184,0.4237938537480157
420,0.0,1.091482638693917,1.370921444538506,1.4232746926518658,1.2346413738289896,1.0,47.79577519077299,103.50191133033539,10.667963040789369
421,0.0,0.8360643410787318,-0.7707012835657578,0.28659216270285753,0.07464202625958005,1.0,4.813541540381734,11.99032136295178,14.831968813138847
422,0.0,2.2982593452763225,-0.6432174878669807,0.10485299808386807,1.8994908854462884,0.0,33.82857188212644,70.70042614627535,10.667963040789369
423,1.0,2.613753489027984,1.5269715906457677,-0.011434368921284549,0.2234275227153315,0.0,68.65752450768042,97.81046887523826,10.667963040789369
424,1.0,1.025170385485495,0.30793393668587504,-0.7699486917313959,-0.865690706535356,1.0,16.842717457649435,9.468220570182353,5.50040329563475
425,0.0,-1.2185654812039581,-0.38295424757106566,-0.6548456475770392,-1.59010652438886,0.0,-15.720220298958,-9.200402373756827,40.13272592598142
426,1.0,-0.15531284762517528,-1.0861858429108349,0.29104488994494043,-0.17103113948172133,0.0,6.438330851276392,-3.8692311187310815,5.55379393956655
427,0.0,1.7411865505212107,1.4093378471213918,0.012457196108294613,1.4041240337573648,1.0,46.45461830504492,97.68957458663996,10.667963040789369
428,0.0,1.0352380918502266,0.544466477243065,-1.4250226312924736,-0.42273868227524847,0.0,-0.0431016844717651,0.2948421108526955,1.9000237092651693
429,0.0,0.8307285419346796,-0.861439340885078,0.315986214083677,0.9863042285278523,1.0,9.956407322008037,21.68791287029438,46.505602489916164
430,0.0,0.23534092844889365,-1.3123873436571287,-0.010926247707539355,0.4475626978024203,0.0,-1.352005854172074,-2.866926871980952,0.7511984709852075
431,1.0,-0.7566107918155844,-0.5498393170777713,-1.0601339890595016,-0.7217802253490401,0.0,-0.7218971625666055,-7.338937275936631,27.702066012720703
432,1.0,0.14010103830997922,-1.4721197552528205,-0.7056913118508309,-1.0636699776580216,1.0,1.776104035073352,-5.944788663033925,21.162276747381156
433,1.0,-0.824332550753867,-2.457970854480518,1.1456470355240367,1.0943652100954706,0.0,7.382141481561045,-8.16976370824475,7.316941245279255
434,0.0,0.20466709203398004,1.0405953347645276,-0.6646882800993181,-0.8984158032426145,1.0,4.295552739291906,6.4577036417908715,4.5395260482526565
435,0.0,0.5931468962800602,-0.5493335074651335,0.41352474324663835,1.3973704824734403,0.0,5.9292824962143085,15.81426679011034,29.766251662404603
436,0.0,-0.9855010474982755,-0.21049004891854772,-0.5294160933927664,-0.7475903026826888,0.0,-2.9025899581633396,-7.459186410855276,19.463266989352693
437,1.0,0.48866589169734476,-0.22567710693631943,-0.6429513614436257,-0.12950201262197192,1.0,15.06930537270388,6.87010144837741,1.7510760362073265
438,1.0,0.385164185530665,-1.7641238683842808,0.322453276485239,1.9183806948500064,0.0,28.514987090953202,10.595187528471946,6.030684505371102
439,0.0,0.9087587518521711,-0.06135336511776379,0.3829127345557145,0.7618752334336393,1.0,9.068039902634872,29.093576943994318,10.667963040789369
440,0.0,0.7174838775813357,1.1114684480669212,-1.2445082020344633,0.22760467089804087,1.0,9.554855843884683,18.234798635058432,31.543815165003362
441,1.0,0.46173840179001635,-0.54288688451341,-2.69025022578433,-0.8063350328736069,0.0,-21.685102853399613,-7.275727678418108,48.08433104621731
442,1.0,0.9184804160065161,-0.747622191951089,-0.07718795798179091,0.013000632379692623,1.0,16.809478581607998,10.696382068018604,9.972926393885304
443,1.0,0.5953421318228662,-0.35853231211163283,-0.5241184286548547,-0.4830405878070544,0.0,9.533679940024353,0.8247027540236114,4.054932905554437
444,0.0,1.2363804338987876,-0.9407869774227209,-1.078767454118816,-0.05624588080563897,0.0,-1.02542156179371,-2.9719558473918837,3.24653208142619
445,0.0,0.2336730892313676,0.6676716675760184,0.6501436761756442,1.205335762011738,1.0,12.385047645586605,40.720277940943646,10.667963040789369
446,0.0,0.09244072045914564,-0.2520778614177349,-0.2627113405420241,0.6252142950646449,1.0,3.836810751661456,8.986553292844723,8.817125172526199
447,1.0,1.357762247569875,-0.1640850237101464,0.1784222396703202,0.8610868411035879,0.0,21.176267534993393,23.182579491941436,47.73315653843528
448,1.0,0.15309194349404165,-1.381142552537654,0.0446026124602745,0.6344613604168304,0.0,10.675831606354649,-0.9182012013569563,0.8803193884041137
449,0.0,-2.653150301501738,-2.1295616014079153,-0.06269172830133683,0.33454914603825225,0.0,-52.00986109878087,-16.60855318992991,65.74436963258411
450,1.0,1.0253696287321097,0.353029271035836,0.5086901682708189,0.5446057270182697,0.0,18.941408064223573,22.48191116465428,52.687813500187715
451,0.0,1.2906362741752424,0.9759046921866956,0.9204972432342744,1.804209709328512,0.0,34.066526397274664,77.43354655890951,10.667963040789369
452,1.0,-1.584793021956452,0.602485884528712,-0.6601763169346417,1.06625055434194,0.0,11.159106189220555,-5.46007310300163,1.4630743039274556
453,0.0,1.7594104197975735,0.008574197339303202,0.6643759956700428,0.6847873785121327,0.0,12.863799701657255,36.45027710203902,10.667963040789369
454,0.0,2.7619005101096086,1.4452414162787877,-2.7233270472915163,-2.9187095563413457,0.0,-36.44856156505209,-24.91421418392436,49.09637012442447
455,1.0,0.11185813370482978,-1.7919493336613375,-0.8599684210267958,-0.13952613583733797,1.0,1.633310268510229,-5.75121604774756,13.43069273864277
456,0.0,-0.8281535924532974,-2.6271325027716403,0.11926989784638056,1.3344090296476212,0.0,-17.82632451754216,-13.221955462948092,21.596416879400742
457,0.0,0.46910182647526666,0.05921002093269978,-0.07180240411262977,0.5005768228349741,0.0,1.4357140077679467,5.944865632952526,5.775480601766642
458,0.0,-0.41083700079281504,-0.5503368314399241,-0.25731392945048376,0.6116687416174107,0.0,-0.006416568876309703,-3.0850348920773953,0.44294691283541443
459,0.0,0.8181807085317697,-0.1838187385466768,-1.0157695009438286,-0.2674012091340082,0.0,0.5371614960155271,-1.6916916712194112,2.673565027740968
460,1.0,0.7500689124102135,0.2561008525263833,-0.13347340397949842,0.644667911258948,0.0,13.458045312509801,12.668501961625523,17.91022276147174
461,0.0,0.4252617643246672,-0.23335773197994303,-0.5042800195563035,-0.9287349008712972,1.0,0.3681080463086228,0.2607367276756791,0.1759433491532184
462,1.0,2.141246656349346,0.5917817407047523,0.8891458288736412,1.5754815527556998,0.0,71.8027257239165,98.73178025397243,10.667963040789369
463,0.0,1.3134897609384621,0.32578992576963,0.20786995799497296,0.3389736666364589,0.0,4.681687746641558,19.2508719483747,42.65258439920454
464,0.0,0.2504279807418176,0.7235609384506585,0.5531944481006396,1.722089214304844,0.0,12.556192337910227,36.116777807573484,10.667963040789369
465,0.0,0.31924762784883876,1.2932035078666635,0.13681868346432327,1.7954262220526584,0.0,17.315379902913214,45.07700033248261,10.667963040789369
466,1.0,1.515805908968728,0.5081133257483739,0.9405133742735542,1.956403491142395,1.0,81.72978152093525,110.22956549326953,10.667963040789369
467,1.0,-1.0257195229549887,-0.6579055617686063,-1.5669877035237798,-0.7141070827109349,0.0,-10.09297834752437,-6.4382306772064,40.92714203653327
468,0.0,0.06062690457524511,-0.26132025260624736,-0.8894657648955251,0.19512766324525582,0.0,-0.5764731240035017,-3.096311146971101,3.1243244937185355
469,1.0,-0.031268791737453894,0.04040669896117077,0.29124354101918054,1.5245921605026878,0.0,23.4741059728878,18.01161063048515,29.677542632207373
470,0.0,1.7271591971579412,1.6441206773397412,0.5732893432514378,1.169543003544061,0.0,37.75703422667921,84.81218516041193,10.667963040789369
471,1.0,2.1784341162681464,1.4822280198470896,-0.08443272802686995,0.6928635293541177,1.0,73.09353400008342,103.03955786960812,10.667963040789369
472,1.0,0.1760815714924283,-0.9606568073425015,0.1831942470082337,1.9096905811883542,0.0,27.03470638999684,14.014243400462009,16.874414198597634
473,0.0,-1.0166902624151724,-1.853846422227226,0.3735853534321637,2.1888882487735235,0.0,-0.9828442120443366,-5.243363940131068,-1.294610079551043
474,1.0,-0.06776738412321381,-1.5807557586686252,-0.09663917612211201,0.6114766249319123,1.0,14.1556493686844,0.762338767953985,-1.7995401319878135
475,1.0,2.19479960072439,0.26541419959578366,0.424236309605909,0.997733070438809,0.0,46.60662863815497,63.46010127153874,10.667963040789369
476,0.0,-1.41219479255289,-1.6137146291352151,-0.5101949737003463,0.02978520661976858,0.0,-15.789611443011058,-10.382052608678327,35.60327100217697
477,1.0,0.8304627592154965,-0.4939901401506096,0.08801536296732242,0.5692071283956338,0.0,14.489873825784489,9.173063474822893,7.339895284031732
478,0.0,2.0794591261649265,0.3968543791617231,-0.8871692214204386,-0.6238675045502892,0.0,7.085643396980725,13.28237370242242,13.627348353621105
479,0.0,0.4106064872859648,-0.639148431812429,-0.34526824692591707,0.5143889344048961,1.0,2.1661634683400974,7.487546123362733,4.8571144067005285
480,0.0,2.2956723974762547,0.1856609794369261,0.028337341473168753,0.34139427819133805,1.0,25.045348958903457,63.925773281511255,10.667963040789369
481,0.0,0.6502178720748042,-2.504036614841709,-1.2168294699063469,-0.4010514109016442,0.0,-27.791586892641728,-10.899909217345115,45.93954314373649
482,1.0,-0.2894223597746477,-0.1141076416265408,-1.093632750020367,-1.2634883917759563,1.0,5.2448069330547575,-4.9368737499047946,15.951550159174342
483,0.0,0.3839235348762889,0.4717162506063199,-0.13486931210884845,0.37840212366217724,0.0,1.476387212778644,6.937023178063062,8.184441154846324
484,0.0,-0.02474694580209913,-0.7747172908258511,-0.2654361506192925,0.8602854512392512,0.0,-0.2538202333134572,-1.12962629231462,-1.1807176159378323
485,0.0,2.2803406639185715,1.314568978578566,-1.3116350206697192,-2.010551649386056,0.0,4.844299754297456,7.363044436153439,6.7082042633334815
486,0.0,-0.24639455455935333,-1.2541969358845502,0.04356547714722248,0.5626616436438531,1.0,1.0717820875783528,0.9571727655247877,-2.72708001159382
487,0.0,1.8289586570413168,1.8451798608314098,-0.9725294325025219,-0.793149066988038,1.0,26.75396312442678,48.827311703626926,10.667963040789369
488,0.0,0.44381292437559805,0.07435118348026293,0.40985633732581433,1.7251842053125346,1.0,16.841036045677356,44.5301360704092,10.667963040789369
489,1.0,2.6033611575113578,1.2517136129772424,1.0497381417969478,0.4901949312483471,0.0,83.5443039410981,124.88194889896889,10.667963040789369
490,1.0,-0.9280330492740236,-1.5768947039414225,0.08773497211635195,0.3152197352827787,1.0,9.445304002133097,-4.288453116080676,6.022090222718578
491,0.0,-0.45108404783763545,2.0061649536443653,-1.9134525330834742,-0.9899919649659351,1.0,-2.0011723769972822,-2.193198439208326,1.941863762037693
492,0.0,0.7900306666443535,-0.5150904148630574,0.5445276593599018,1.261416147944756,0.0,6.605988942192245,18.120272925752776,38.52800752090218
493,1.0,-0.5556123536956024,0.3732329250450938,1.3279681602506892,1.7520785219762747,0.0,39.33186114209045,32.81181193795163,10.667963040789369
494,0.0,0.5406601679168263,-0.6804924154283628,-2.355966487279437,0.240223568057935,1.0,-10.17623988816344,-4.885989337713512,8.30754285066586
495,1.0,0.436087060694499,-0.47519041835288506,0.011720329081268037,0.4638508709452307,1.0,16.74209698477627,12.595550220951019,15.078965407725477
496,0.0,2.308046147490886,-0.651797392758261,0.7619573075242958,1.2483391309429837,0.0,29.93178660894013,63.02313891789092,10.667963040789369
497,0.0,0.9958523832210153,-0.049894226821402654,-0.41616524120132564,0.5839927982921819,0.0,2.1619353483041683,8.509361460616956,9.139133459485443
498,0.0,1.3820422985322318,0.29476093139280096,-0.8488349920220476,-0.28637752739835365,0.0,3.5021959017070987,5.716075472346607,4.130890598335107
499,1.0,-0.9544478875103897,-2.0295484078335275,0.6146917754050377,1.0652482070012712,0.0,6.276757297585646,-7.442512460345386,10.218811935605991
