,0,1,2,3,4,5,6
0,0.0,-0.5395271452724228,-1.825717131362808,-0.28236245825988066,-0.8992834304033367,0.0,0.3560600335966815
1,0.0,-0.8927588767991741,-1.3575188072929243,-0.8660951978556057,0.7897987899530811,0.0,-0.08232579777432336
2,0.0,-0.011630038165739709,0.159905880547574,0.36412447735079545,0.8605173132403262,0.0,1.0910642960756909
3,1.0,1.542805016153084,-0.6696086614106618,1.257093486269378,0.8667322140764946,0.0,4.160922014128621
4,1.0,0.9820908514060568,0.07091896970034317,-0.8849964974966686,0.6180488299276101,0.0,0.714356962138464
5,1.0,-1.0627471726990814,-1.9790787356593407,0.5929604170951862,0.38742582833891487,0.0,0.16297057665781844
6,1.0,-0.5571253339392221,-2.013018660897758,-0.15198551094298055,-0.911480047709713,0.0,0.6814762069977154
7,1.0,0.8303086262342877,0.2765631835305444,-0.4716726064995164,0.13054435771948625,0.0,0.6595401920885302
8,1.0,0.8738790921100328,-0.6610998440057592,0.4960102041824311,0.2667834722938727,0.0,0.8717735377976829
9,1.0,3.106154227647203,1.0772279153746778,0.6928069182796137,0.9075553356265653,1.0,19.132866486309226
10,0.0,0.21714740799835658,-0.5658490380955989,1.5490066010207122,2.501169241385913,1.0,8.817191875400756
11,0.0,0.25782546427043096,-1.1114988235855774,0.25043108615242193,0.5443523285821347,1.0,0.6377658757882567
12,0.0,2.746671441259037,0.8979759225168265,-0.6894030302720765,0.8992311450961961,0.0,5.9697325493441555
13,1.0,0.42417216560900106,0.39597114383051607,-0.2774064333020561,0.3043092285052166,1.0,1.930505383211489
14,1.0,0.48512378623957503,0.2708942080119337,-0.6315523649654208,0.5233818350371837,0.0,0.5750934029426791
15,1.0,0.4885382130790658,-0.8381084732164363,0.39536325017532825,1.5619850737869512,0.0,1.6238726872609095
16,0.0,0.9287756237515107,2.031344077991644,-0.4904257265331146,0.28378372903129656,1.0,5.814580990200215
17,0.0,3.1349550784779794,2.2244336904165536,0.3523566967447131,1.1432002422751437,0.0,18.642512552706116
18,1.0,-1.531671199228164,0.5333183831878121,0.8356184300972908,1.7795990906197168,0.0,1.701410198468379
19,1.0,-0.060215478965707225,-1.975730832242812,-0.7698093028713634,-0.34070699046293274,0.0,0.46191044551926974
20,1.0,-0.8438457326226927,-1.8924187412274422,0.9800691952060582,0.8214939563514799,0.0,0.06882631575303835
21,1.0,0.7293329284363916,-0.27555079839792784,0.18970956971722452,1.3781888396443813,1.0,4.210752391546285
22,0.0,-0.9729503433355284,-0.6740082354438663,0.8797307686285409,0.7528826570364935,1.0,0.677980217975988
23,1.0,1.2537882032054262,0.07606908814070595,0.40905850707788227,1.0013148857321195,0.0,3.5495885385425217
24,0.0,0.6113643578828505,-0.1615820640914179,0.3397323387776943,1.278084738228812,1.0,4.069639050513787
25,1.0,2.221038784457466,0.37793304210185,0.04936727124533947,0.15083842896545896,1.0,6.198932905661809
26,0.0,0.33250065207534063,-2.2153831293732473,1.1089438563771166,1.1556381897057908,0.0,0.20579739852896442
27,1.0,1.5701913126167715,0.32803901716533507,-0.24849768192651545,0.5129814812119676,0.0,2.4298182009391436
28,1.0,0.4983962347270336,-0.08852702080871591,-0.9246749568254223,-0.29659119667685363,1.0,0.31801762790124466
29,1.0,1.695030131511594,0.3522893754530249,0.10900762073300374,0.08170691222467624,0.0,2.5358727396340637
30,0.0,0.10495555269255197,-2.1193481762742206,-0.9888890683982665,0.12812374557138578,1.0,-0.156878731472486
31,0.0,-0.7555168034770552,-0.5249493525398514,0.10371829994631547,0.30063805591385706,0.0,-0.2344669102488037
32,0.0,1.2517738996498764,0.6133852551528816,-0.1804200336176818,-0.17367046555979315,0.0,1.255372605302834
33,0.0,-0.6993177922200702,-1.8500740301330003,0.45012056752003654,0.4839199431128277,0.0,-0.2096137327408102
34,1.0,2.355969514885682,0.0931311711669095,-1.23396726259299,-0.6976649147774824,0.0,0.5870753609053544
35,1.0,-0.22088942875790785,-0.6700348322731072,0.1252840161228219,0.9178898470220482,0.0,0.2598276994471093
36,0.0,-0.33036876272763993,-0.6322072494544023,-0.694508805375874,1.1915365114671523,0.0,-0.16234906329635695
37,1.0,1.059352160120199,0.2019454973110651,-0.3830530800174404,1.2197383321024824,0.0,2.335691283478875
38,0.0,1.0486979504608513,0.7371415158069754,-1.0110846156097908,-0.587897292032265,1.0,0.8800077435086326
39,1.0,0.18440073241395516,1.032933294449194,-0.0003446597791328739,1.4118222388746826,0.0,3.3015929440821887
40,0.0,0.9865409206035126,-2.1402781748877127,1.7127238806713165,0.6995213394536312,0.0,0.9664086367809349
41,1.0,1.0365372048527748,1.174830935171397,-1.4020813161172885,-0.4885646460066114,1.0,1.3573697504637883
42,1.0,0.2810955142833438,-0.23904515957030675,-0.0010544163162965275,0.9491737327505139,1.0,2.1498632390590657
43,1.0,0.8835952909223623,-0.3146287612939805,1.6450779621190037,3.0362942263469406,1.0,15.967419838531598
44,1.0,0.4439456633946084,0.5216026902968831,0.3766407427378734,1.2808541231369506,0.0,3.305717617416176
45,1.0,1.1813941206924707,0.1297194095994793,0.0913883600002327,1.3323605996528753,0.0,3.527016296251213
46,1.0,2.0343635633456563,-0.5075892475351343,-0.5686011241766774,-0.2521830143270716,0.0,0.6801937274843886
47,0.0,1.4505507136502462,0.7174153030350499,2.5570318475751384,2.9072426163235803,0.0,23.515867919306555
48,0.0,-0.0345550710472835,-0.04039131963999448,0.17424666453611012,1.5453541096602201,0.0,1.4247677210354115
49,0.0,1.443276683334492,-0.43204955840221043,-0.2895471796428876,1.5325708323973566,0.0,2.3503615729677394
50,1.0,-0.6472226078541417,-2.2198014146605143,1.1579221602063121,3.4981082744393133,1.0,3.7490329541160214
51,1.0,1.5538472761138802,-0.9442234690823141,-0.7352841129584408,0.6683402596860393,0.0,0.5854242266787717
52,0.0,0.8958532878855773,-0.11921359095661693,-0.006934148290060595,0.774413557872506,0.0,1.3011253588341969
53,0.0,-0.6386633271474844,-0.0887354228438475,-1.2125164489893583,0.26061851695650906,0.0,-0.216922654142644
54,1.0,0.6119363650575728,-0.673464668090722,0.2948591420916681,1.152638300223655,0.0,1.3264280594803899
55,0.0,0.10303919763440861,-0.3337272470224002,-0.45813913908832565,-0.11713862849253731,0.0,-0.22673576099552056
56,1.0,1.572377857587105,0.23406817494843007,-1.1483774636801236,-2.2647133471095566,0.0,0.1277510491105095
57,1.0,0.26339534738674786,1.1215496100947595,0.005489609701840585,-0.3065340993815098,1.0,2.3085454875759246
58,1.0,-0.00523127347623098,0.2726032872645148,0.34831004233451496,0.12160851352685648,0.0,0.5936164145563047
59,0.0,-0.033621594963162416,-0.4045358138076611,0.48113257203436754,1.6641197735406013,0.0,1.5064556755822065
60,1.0,-0.10747971359371666,-0.1912557905756429,-1.4365499416929586,-0.6586404832359033,1.0,0.00894093247891864
61,0.0,-0.33532370568089065,-1.1126249497839025,0.3142210312285112,1.8068715479555806,0.0,0.406462991660013
62,0.0,2.0176064699745693,0.6300790465216448,0.41580598750091746,0.9583486318828758,0.0,6.66030855509131
63,1.0,0.1016072591005841,-0.17974418308903328,-1.5975437403468973,-0.027464160359364942,1.0,0.02046195627565324
64,1.0,-0.2930529580195621,-1.0448355239785445,-1.364713797761906,0.5809289746357501,0.0,0.11623227720605567
65,0.0,1.1472371498224485,1.0691430378858178,1.2969187505163913,1.7464016271983587,1.0,16.36725235913154
66,1.0,1.427045908611765,0.7023471987783227,-0.579742581199898,-0.2336697175363156,0.0,1.2501239679798468
67,1.0,2.1114733656040285,1.728087645744351,-0.28883207922720405,0.2529762819279298,0.0,6.179944056196527
68,1.0,1.3144102108802165,0.428146454681026,1.0280882768454478,1.215955877880899,1.0,10.632426819111277
69,1.0,0.9887663338880253,0.21095295592686963,-0.03233339788987006,0.7211223124770537,0.0,1.9717227853070651
70,0.0,-1.2037140080314201,-1.3204267147183633,-1.6431813549189276,-0.948351524861147,1.0,0.6045081190773944
71,1.0,1.3407350491130163,0.9786574437588178,1.0623030344962314,1.0971470575011741,0.0,8.605165722806827
72,0.0,0.7630280308207791,-1.1751031786878148,0.6860564963264467,1.441526208275835,0.0,1.528377989494194
73,1.0,2.0758202437341255,0.5226990520498436,-0.16041451532354484,0.8414378662117882,0.0,4.782052119906703
74,1.0,-0.10467087474756354,-0.44308489810984863,0.41083218491033735,1.2713746527687286,0.0,1.0232932949140043
75,1.0,0.54615398681098,1.0283100621678782,0.45187592409905875,0.2686911925186703,0.0,2.664801689117427
76,0.0,0.6960190015753808,-0.03981241968973992,-0.25905503447313344,-0.22045507137255493,1.0,0.8691721820537208
77,0.0,-0.9331634509214441,-0.8025878157672104,0.15910872703115353,1.8915255327304474,0.0,0.16299421620369237
78,1.0,-0.21786917952355378,-2.1698025485162944,-0.40372359458560175,0.1987489359644441,1.0,0.07194771577098913
79,1.0,-1.2727209024467405,-1.3035628992145125,0.21346342302655805,0.7693105713024755,0.0,0.039124764587498695
80,1.0,1.7627286600722523,0.6113228611065304,-2.3979570114149067,-1.4410701753409327,1.0,0.26312576874849614
81,0.0,-0.16556350053327407,-1.3934581309927598,1.4827991684292468,1.3823333221295413,0.0,1.0070573798457687
82,1.0,2.3791339368779916,0.025606465287873026,-0.17776915202813492,0.2451686394775907,1.0,5.241468758713175
83,0.0,1.894864677786285,0.8231095183145871,1.0784175812797359,1.0518981203908861,1.0,14.187021093120713
84,1.0,1.8020509209617805,-0.0386689134792107,0.18352209105060716,0.9923410737938256,0.0,3.9633493956029273
85,0.0,1.007163743054861,0.34923184245486777,-0.0220694050190872,1.096059364568435,1.0,5.001076259993118
86,0.0,1.4305565357360064,0.8537541997518807,0.6027450712225941,1.5760184535009225,1.0,12.358305906374097
87,1.0,0.7137477608085405,-0.9753711740220923,0.22105587734799087,1.7943172972030554,1.0,3.636764670996596
88,0.0,-0.9313998963782717,-2.005005454935059,-0.2857467393627254,0.3395339440528069,0.0,0.13371153140910574
89,0.0,0.4367038470967629,0.963123098758341,-0.6110353174803044,-0.13345285855875233,0.0,0.39486010479653777
90,0.0,0.20047042820462835,-0.6034720117514452,0.9405579895724565,1.03258568268014,0.0,1.3328682070204398
91,0.0,1.9483614323801395,-0.30618102935749814,0.0924762006188624,-0.17010925511704644,0.0,1.3083346370102347
92,1.0,1.3313940510235,-1.2566240904078745,0.8258740134737175,1.1243706953077814,0.0,2.2952956532984854
93,1.0,0.13681878035855383,-0.14009605945271503,0.23420695026744232,0.8819664400338767,1.0,2.348149734307893
94,1.0,-0.8446268624701752,-2.7137915610448955,-1.0581787652336465,0.3702054163127231,0.0,1.184940959859856
95,1.0,1.7894053380500154,0.31909149293759537,-0.9079101160521188,0.3707769893900481,0.0,1.5759158733309788
96,1.0,-1.5906719821383835,-0.8693265626914313,-1.1610977662503088,0.3523771879156029,1.0,0.23841111481857735
97,0.0,0.6901702158195813,0.30512329116203457,-3.317686295381933,-1.754306300138325,0.0,1.0371115270102949
98,1.0,0.15229655721302965,-0.7913774736096364,-3.2448856749898956,-0.7353290589373666,0.0,1.5206521322464153
99,1.0,0.38292364726026606,-1.5522002341645398,-0.0528213189298163,0.6528186016447358,0.0,0.03347642355792865
100,0.0,-0.5078938447921928,0.25342610450137765,-1.1394444490735811,-0.2833078237381983,0.0,-0.21898762014446493
101,0.0,-1.350384323012983,-1.2166556163354612,-0.6422201745786865,0.019532087418552835,1.0,-0.11509542598259892
102,0.0,1.5913722120821685,-0.9168494117751675,-0.43833760447834524,-0.0050782297260698606,1.0,0.9217808213904064
103,1.0,1.5008853171531056,-0.888490880114118,0.14104525909385615,1.4043624477466758,0.0,2.468346466007506
104,0.0,1.0530265195683395,-0.3645682067608329,-0.8598694473124507,0.09837001259360106,1.0,0.6223775321097857
105,1.0,-0.4486510141043567,-0.4822208040100374,0.7509476789620589,1.119052494094671,0.0,0.8586029636714828
106,0.0,1.5219712531777803,-0.237304499420397,-0.2499851135692503,0.15863819117287076,0.0,0.8825518169044372
107,0.0,1.5251007666901075,-0.7182617405603944,1.7301044056651829,1.382727520878367,1.0,9.839661932008429
108,0.0,0.6107874717375006,-1.0397146811792042,0.18807874571414251,-0.4829231429566695,1.0,0.1410644932845727
109,1.0,1.7970491863303135,0.9416327589283557,0.9086502359384683,1.2346047378944678,0.0,10.100237533717133
110,0.0,0.8526172954374901,0.24016469019340275,2.3649404287709044,1.1860249241344323,0.0,8.7136976672867
111,0.0,1.4652178976659374,0.12278336832831815,0.277487858985328,0.41925780859616596,0.0,2.4295686759139654
112,1.0,2.347889866055159,0.018982047371686628,-1.2741712502878657,-0.09674739143110866,0.0,0.9442903407778532
113,0.0,0.4525071921629637,0.6160100106825481,0.4077885292345594,0.5993564894413834,1.0,4.114874899613559
114,1.0,0.5026916618662816,-2.3826735202712594,0.44179176877063203,3.3578259523124965,0.0,2.174597830832319
115,1.0,0.4445749380706204,-0.21825695619734628,-0.45016694510481053,-1.04296874656323,1.0,0.13732580196519628
116,0.0,-0.13326458403148989,-1.5521358302247332,-0.4657900541932224,-0.6586293260161756,0.0,0.06263500107567
117,0.0,-1.7914422949872395,-1.8764858973078231,-0.16142880549958857,-0.06541827365917285,0.0,0.5906059837510673
118,0.0,2.1012422414683467,0.7107474748271998,0.3354313417157216,1.9145689229722054,0.0,10.322423760121495
119,0.0,-0.5282798077074178,0.9878575962124856,0.7106849982951788,1.604072371364503,0.0,3.376742359137088
120,0.0,-0.89636962601919,-1.483593834510949,-4.318388799407218,-1.1968272418895554,0.0,3.2703140314742543
121,0.0,-0.23664434091171827,-1.0765365188695586,1.1966779341758282,2.3578368909469303,1.0,4.370011757877629
122,0.0,0.2688311883305021,-0.5028942074438527,0.25166059174002203,0.5218023034820596,0.0,0.30976835214878623
123,0.0,-0.17899733216926605,-0.7252978405566609,0.8227571813792933,0.41325810563255,1.0,1.0411950967461534
124,0.0,1.685267095775556,0.37660857227558037,-0.9074447984370725,-0.17877993899898748,0.0,0.66446584192691
125,0.0,0.5218666965649579,-1.667912783048906,-0.37223386895124405,0.4187674264713563,0.0,-0.24329130750755734
126,0.0,-0.2570775065666173,-0.12588297548890293,0.11883007823131042,1.2551799568284734,0.0,0.6815024820749307
127,0.0,0.763213216141758,0.15232437951343886,-0.27194931402692996,0.7481755765629337,0.0,1.1129361681749785
128,1.0,0.8663908478244386,0.2266398927497903,1.6293228496269072,2.835359708160088,1.0,17.834840201554986
129,1.0,1.6316405098224065,0.04720766385177977,1.2279162922223585,1.00831706249204,1.0,10.265081053260149
130,0.0,-0.10103674039598776,-0.4928266465608915,0.8316148672319289,2.526145503217209,1.0,5.747831477387049
131,0.0,0.1100396603198675,-0.04758098293777985,-1.072481340607865,-0.37674031572675915,1.0,-0.14074161405146687
132,0.0,-2.1767582500958085,-1.4342887287353965,0.0294923265049565,0.05316112984936949,0.0,0.4430401693394719
133,1.0,-0.3503539672284235,-1.1560749765044298,-1.0136420283243508,-0.3900982023579789,0.0,0.309324947543159
134,1.0,0.6380553664145787,-0.9299211080724865,-1.2710687116224968,0.6915315034638883,0.0,0.025937089423550025
135,1.0,2.468163195996123,1.7142054251360765,0.08745402606852995,0.9804263810730423,0.0,11.357152762960911
136,0.0,1.2050000001194858,-0.7736158706937417,-0.6087449493717323,-0.3302989030238461,0.0,-0.17273276249383646
137,0.0,1.0175417408650191,-0.3860155703318314,0.6917495726934657,1.1990390205704076,0.0,2.8771772674928107
138,1.0,1.2859519038738219,-0.09934986916920802,1.8717603724444905,2.4306368102802645,0.0,12.36077868341219
139,1.0,0.7682216565037222,0.8340683402877735,-0.2740005070885681,0.4651330569359891,0.0,1.8486532256173391
140,1.0,0.3115794938427666,-0.19718835829009818,-0.32838860523675684,-0.13461046024797552,0.0,0.01378701511390162
141,1.0,0.8566095121040891,1.4145246413743133,1.0002787241649715,1.8440258564923808,1.0,15.926648091947735
142,1.0,1.169646079772659,0.3122325589238773,-1.356370484685264,-0.24173755316459045,1.0,0.8674526552241986
143,1.0,0.4191532919422021,-0.29865697327160934,0.722171504463277,0.5973352988536758,0.0,1.363186701782836
144,0.0,-0.13567737639731003,-0.22951149860368272,-0.5319576611549149,0.44633336557515857,0.0,-0.15818636792960122
145,0.0,1.1108275313350195,-1.4700546848578746,-1.0856992553057132,0.5353995012042982,0.0,-0.23491807824847327
146,1.0,0.27409930841269203,-1.1775387008460674,-0.22665889633544378,-0.2723091697064842,1.0,0.08690679497761343
147,0.0,0.973121735010494,0.9455084271087126,1.2346838740438506,2.3594457864198546,1.0,17.576907906145916
148,0.0,1.4212063131419213,1.4239859195960587,0.47759484765791677,0.8004164898436454,1.0,10.859499000992505
149,0.0,0.786870761003141,-2.207795592342214,-0.26142505091413104,0.7271063444906011,0.0,-0.23169627892597966
150,1.0,-0.603413534361692,-0.11939603721123723,-0.8613297018962784,-0.2650695544602111,0.0,-0.015779957658526356
151,0.0,-0.43869862674009485,-0.6622632774582555,1.0052611203927277,0.7150762570930165,0.0,0.36743744901783326
152,1.0,-0.7563981752823998,-0.48007400185550725,-0.03870070651045745,0.20388586059865627,0.0,-0.08272791957230449
153,0.0,1.5664894879568627,1.4330291357579086,0.17812734299955751,0.8925644385394327,0.0,6.841190672069691
154,0.0,1.1427301395436786,-0.6465525406262316,0.2452181695132977,0.4718266106593361,1.0,2.3084521090826224
155,1.0,0.6178308153012141,0.3225104414126679,-1.2100422368672756,0.18087383661414702,0.0,0.16629974770386677
156,1.0,0.9294977435102025,-0.48347351208942535,-1.0987921879382825,-1.4631522729064272,0.0,0.14694585650392267
157,0.0,0.050832936240541526,-2.577551982287637,0.13968266491050316,0.5555146128602753,1.0,-0.21820969127968232
158,0.0,-0.31495431956372477,-1.7115680396565274,-0.0927332856003326,0.35043536051696533,0.0,-0.1926206365735924
159,0.0,0.26431189525783005,0.13790484738985181,2.2324038792053558,1.5308448997070565,1.0,10.797530458192282
160,0.0,0.4943486030713389,-1.248412672301685,1.1475268429614207,2.963605385330047,0.0,4.579859769946662
161,1.0,-1.258475957749738,-3.469324225886363,0.31640868619907864,2.701750855655161,1.0,0.286289507314194
162,0.0,2.281882160353738,0.9544994388066657,0.41762339952719224,0.7882870690424295,0.0,8.022735489433323
163,1.0,0.10359727372445687,-0.9271410705092151,-0.8008734080962063,0.4956516169948777,0.0,-0.04537563202969014
164,0.0,1.5072681087937072,0.29740584504307493,0.575184721506624,1.0676379664556828,0.0,5.024917493272589
165,1.0,0.8849289980794882,-0.386894528672048,-1.2901731240584946,0.3262246655863255,0.0,0.06757435610623108
166,1.0,0.05360672712761333,-0.5443178243055599,0.006682945138638516,0.3123618118729819,1.0,0.7213041019342231
167,0.0,0.32265655225637474,-1.0212553172903647,0.0006674881047864472,1.0007925587483526,0.0,0.1565786339246143
168,1.0,0.5387248949331636,0.0593188329953499,0.01882889763898402,0.7318082089291376,0.0,1.2232685342846412
169,0.0,0.5086552392143574,-1.5481744844265994,-0.8856768171187404,0.28228055403660285,0.0,-0.21279370182898583
170,1.0,-0.031234569250446542,-1.6954792318159058,-0.9973246800056422,0.1867168726843137,1.0,0.051229608018404316
171,0.0,1.0141509867828522,1.170177219178271,0.6981558479252115,1.0898674426570794,0.0,6.593692989469708
172,1.0,-0.7317688001244504,-0.8870640158276988,-2.4874253090588545,-1.0521404746736005,1.0,1.1189792019984428
173,0.0,-0.07350932481061401,-0.6968228988416001,-0.060465282056000366,1.0717822322572075,1.0,0.9372335995487016
174,0.0,2.868371326612872,-0.4141727337274107,0.7499446875578585,1.9903113506265124,0.0,10.536026008665065
175,0.0,2.5756299072050703,0.05444523244062227,0.11815969613531606,1.047803659059893,0.0,5.838420473571835
176,1.0,1.778750275058812,0.3783273771769691,-0.5082658447419284,0.128811311514395,0.0,1.8273560767761277
177,1.0,-0.18443035324643087,-1.3262852272053611,1.1671524192073528,0.612649916649095,1.0,1.2636527278003875
178,0.0,-0.7443432399496752,-1.5566145624693755,0.46526259946331355,0.23780334870025543,1.0,-0.19062718307146734
179,1.0,-0.19562738065266538,-3.436519537591894,-3.5617845244132904,-1.7824826812797898,0.0,4.804036675038041
180,1.0,1.9146344210251527,0.5744356842099101,-0.46668443581487007,0.29285077921428604,0.0,2.7043507549353007
181,0.0,-0.05547410823205823,-0.1805870081422033,-0.884099517579463,0.11367141043848378,0.0,-0.24517761158031642
182,0.0,0.9841290302997431,-1.5827319183476363,-0.3129039992160176,-0.3421647665611546,1.0,-0.09924592009958132
183,0.0,-0.8190554473509843,-1.0289055201880262,0.5162235093659554,0.571868704957516,0.0,-0.2192487685577208
184,0.0,0.540370703400125,0.3717880224308057,-0.6965691551904207,0.5846832707491383,0.0,0.5124698468153105
185,1.0,1.5235485123519432,0.8276162930685975,0.5505292920591894,0.5551805289074053,0.0,5.313303083730381
186,1.0,-0.03437776644573942,-0.4103960761830415,-0.19717452266866914,-0.005844850424463699,0.0,-0.07291757851688632
187,0.0,0.7209241675166734,-0.9648261812281815,0.2623821208890762,0.40573244618779397,0.0,0.23178814106852672
188,0.0,-1.6452107014060382,-0.9800696104060354,0.3878212289274425,1.0256336724957853,0.0,-0.24424844162030557
189,1.0,1.5130445351109876,0.21911450874004906,1.550663188575556,1.1263312258949365,0.0,8.275334835114462
190,0.0,1.6722936568967004,2.34369691745142,0.6973432611345304,1.1375504655095958,0.0,13.881680524679226
191,0.0,0.4552539201352559,-0.004129959370780645,-1.7469847202296531,-1.9250570116323713,0.0,0.3101335103029206
192,1.0,-0.3900731541318241,0.029968264040413528,0.35122607837792885,0.8069979792892714,0.0,0.680749122308259
193,1.0,1.2676884487242668,-0.2938271996084417,1.4449743676405935,1.0118374677033504,1.0,8.418088509758979
194,1.0,1.0204441339998227,0.3288496527175016,-0.49706706396756645,0.8736349957029625,0.0,1.7661432245101412
195,1.0,-1.1880078777796268,-1.0886867170354788,-0.8842732613209238,0.48659300314034026,0.0,0.28070452979094274
196,0.0,0.3977056818968415,0.8105927072188168,-0.34405345432432066,-0.21836534737236768,1.0,1.4343195716480681
197,1.0,0.353024312107214,-1.2525705642806522,0.6468123357714043,1.538900833756223,1.0,2.74858352047883
198,1.0,-0.17728218723527045,-1.0790388621890776,0.345757777362373,0.49931377666119836,1.0,0.5841056732496571
199,0.0,-0.8086404033814802,-1.05507088071708,-3.0892492921120738,-0.648009004531659,1.0,1.1317931814121098
200,1.0,1.2866774456231527,-0.8877129698894084,-0.06545966709400627,0.5187027076559458,0.0,0.7789408073212719
201,1.0,-0.7660894294719647,-1.0922810379654981,-0.18177287205311057,-0.2253831269029708,0.0,0.09118318778292989
202,0.0,-0.5448937735629911,-0.8887419757348511,0.1201139638569249,2.055093852624211,0.0,0.4582918004333149
203,0.0,-1.2028994175251357,-1.1204736392274148,-0.6094797904068705,-0.7903582246428215,0.0,0.36976510712902666
204,1.0,-1.0838802605699385,-0.4972462794024064,-0.2299684903263905,0.6801120669164529,1.0,0.20134221191526055
205,0.0,-0.18388602008771393,-0.6115132996282222,-0.626456379792339,0.38479590005931175,0.0,-0.2474239157653009
206,0.0,0.543130773510228,0.6008264135604402,1.1144178697502605,0.7230433527473001,0.0,3.88113847647378
207,1.0,1.5031473668155997,-1.265816775264765,-0.7265139639013753,-0.7197140681382918,0.0,0.03432601520158979
208,0.0,-0.03708055949308453,-0.4163541853984415,1.2331639553781935,0.6630994514436104,0.0,1.1707862711583947
209,1.0,0.7586068565289048,-0.6191112634413038,-0.2505273031448766,0.17799750274572218,0.0,0.21173365716878004
210,1.0,1.0811521701179458,-0.7946564149397773,0.2679467090948572,1.8399235168930286,0.0,2.880815003884381
211,1.0,0.30455738626376627,-0.6829742221583412,-0.23496015895133682,0.8474216561305674,1.0,1.1683472398196697
212,1.0,0.6551712710468309,0.46194865123878676,2.8408072749120286,1.7833221276036242,1.0,18.87688755140617
213,1.0,0.5805186245919937,0.43910995723897966,-0.2728292735139209,0.14432242250671712,0.0,0.755787906338349
214,1.0,-0.5268395025090191,-0.3136780336866884,-0.20906999292933054,0.4705820247641505,0.0,-0.0202819551902495
215,1.0,-0.2566185950251735,0.49494439058581713,-0.8542991496574769,-0.22367914524520138,0.0,-0.04863018943038527
216,0.0,0.58174511332,0.22545815686694287,0.571599707435282,1.7329866062111359,0.0,4.151464884275219
217,1.0,1.499344565578017,1.3835400418979908,1.175575289756073,0.9268083939241426,1.0,15.311987836227255
218,1.0,-0.5580159572500918,0.17732875125468311,-0.06046409610128548,0.3890771099445908,1.0,0.8402611781175253
219,0.0,2.0484921828957665,0.10036258199345022,1.812148503181108,1.4138447000326255,0.0,11.640815378070757
220,0.0,-0.8740062217866627,-1.2141177653290336,-1.598039410005684,-0.45933159231907805,0.0,0.5728196080407801
221,0.0,0.5851469648889267,-0.8478766150189769,1.6350679878680006,4.476038178663836,0.0,12.612327691238878
222,0.0,0.5268637934645793,-0.8106958521474523,-0.14361855950929867,0.366601236490682,1.0,0.6347636484381463
223,0.0,1.1284909409476347,-0.447783208289532,0.5630583563689595,0.5782036460588642,0.0,1.6827603560703017
224,0.0,0.792911974215845,0.04264130085245693,1.2090873929645265,1.2259751226840243,1.0,7.575972252333871
225,0.0,0.013502830381511566,-0.30774379360154,-3.1949301824049563,-0.45151182018724645,1.0,0.29869167054169954
226,0.0,-1.2291300679577701,0.022928482188368127,-0.40514626086330785,0.3771465451488081,1.0,-0.09268708874625377
227,0.0,-1.6493352075491687,-1.7019435658970998,-2.17231809190734,-0.0437131084571708,1.0,1.01326239587846
228,0.0,1.7030015801467162,1.6212965343291748,0.4042369151680478,1.898557580105321,0.0,12.854730045656037
229,1.0,1.4617007166162383,1.0349549222487473,1.7072542924320566,0.8973096492724189,0.0,11.003764347076821
230,0.0,-0.09335042376554825,-2.2660905793574933,-2.6819716488126764,-0.21037731982150343,0.0,1.5547630174210365
231,0.0,-0.448058213442019,-0.08233999751134868,2.1765182571100787,0.881753408294823,0.0,2.830612165602269
232,1.0,0.4325973302991026,-0.7833465193266214,0.4923816246800745,-0.07301984551568408,1.0,0.9835267892913165
233,1.0,0.05799655815492932,-0.06239326259409034,-0.3662075832537698,-0.17710019306753078,0.0,-0.0518254795693993
234,0.0,0.8513331229943865,-0.4642364161226077,0.4922452671961761,1.0674161208177135,0.0,1.8711276105121728
235,1.0,-0.6241583320385757,-1.3412466895631505,1.1357700016741463,0.9196610929939553,0.0,0.32191071551629075
236,1.0,0.15270899810255567,-1.2050167070006863,-0.700116409000469,-1.9794278173714028,1.0,0.4071451524750308
237,0.0,0.46730514964825254,-1.6683722434821042,0.14621681466609707,0.09211857681667746,0.0,-0.23714970591825765
238,1.0,1.2452377062048605,-1.0559773491893927,0.5859156305452159,0.8454851919213346,0.0,1.667494960004341
239,1.0,-0.4188924169349403,0.3018946144519275,1.1270924530697537,1.5375492286097754,0.0,3.1614059588106773
240,0.0,0.5002089029240377,-0.3516058921517281,0.20425726156315427,0.7616546999777558,0.0,0.8059643120450141
241,1.0,0.9423242844407551,-0.8631102465255229,1.0646480134215468,1.4919198224505226,1.0,5.876058893964398
242,1.0,-0.41164707693222724,0.4090020155035901,-1.2394657675309784,0.16439961753351467,0.0,-0.047196061898237274
243,0.0,0.6198475983107585,0.21395514521150688,0.17098526178454362,0.6878884475860092,0.0,1.5031376115188255
244,0.0,0.7788377982438248,-0.0275386911415611,-1.8619097344675997,-0.35229501377489414,0.0,-0.22816821697919687
245,0.0,-0.9376269256660794,-0.3462029849442587,-1.0052117760189976,0.30584077652163905,0.0,-0.16945724483092584
246,0.0,0.1919553169427165,-0.27863076513279167,-0.5104310582662169,-0.8815224472755087,0.0,-0.24149260530860028
247,0.0,0.6947731148821119,0.03192204675624627,-0.5917718437372448,-0.24549991121896741,0.0,-0.04674990035852252
248,1.0,0.9462048530297635,-0.9316399691396415,2.8200013937187878,2.5033252115842752,0.0,11.40038017920396
249,1.0,-1.2365957580316453,0.5865784857737739,-0.0009962227768616752,0.1698564059612624,0.0,0.023893897823886304
250,0.0,0.17537030248492014,-0.5991096894974048,-0.28030599159706876,0.6245661907312762,1.0,0.6171341100967287
251,0.0,-0.9096609013669996,-0.8399451407075849,0.32797688576012884,0.5984947351264746,0.0,-0.22781163068438265
252,1.0,1.0131370775857316,-2.3923142422115777,0.31127081427650466,0.773128975399332,0.0,0.1890061520772757
253,1.0,1.1913900446251957,0.14193739510052816,1.3514204807892043,2.1376778215736603,0.0,9.734411983045629
254,0.0,0.3348210591723578,-1.1138740400214826,0.07084151309099974,0.6621660273026846,0.0,-0.020116631590383433
255,1.0,1.6581952177135022,-0.25471335962844216,1.1667852590711403,0.9340236525203307,1.0,8.668484285351493
256,1.0,-1.5435805623918082,-1.5459333136772575,-0.9391437151876835,0.9094460202938179,0.0,0.5320270484025817
257,0.0,2.029090286347829,2.1048922277507214,-0.5072938739160618,1.0407770196645596,0.0,8.692918997258465
258,0.0,1.4144417635395548,0.8119682880813326,-0.513393869020357,0.5588190611246516,1.0,4.564119765995577
259,1.0,0.20392638606064828,0.05594259342522978,0.2819229434180272,0.8645175425786251,0.0,1.2939029904863502
260,0.0,-0.6488390188894884,0.3018366198456179,0.8857039055862806,1.4886659381431866,0.0,1.988239824798022
261,0.0,0.09411987453271459,-0.8162435223217592,-1.1018947125636613,0.013507706106668182,0.0,-0.1990210392725158
262,0.0,0.18234030141594149,-0.2704478833147555,0.058348678831997985,1.375871301037893,0.0,1.0543693324653107
263,0.0,-0.4786992473577518,0.8247278184627547,0.24882608625228864,1.1421734585973575,1.0,3.3204861125869582
264,0.0,2.2226126352552398,2.8363434566362824,0.3163714882367746,1.2953867800064782,1.0,24.173373200122978
265,1.0,0.18841002773209803,-0.44357351712729975,0.699414452455072,0.8797377702969407,1.0,2.7532741906804317
266,1.0,0.254820321125688,-0.5089766963853875,-0.35632199463394476,1.0316924081565524,0.0,0.4256719094672383
267,1.0,2.7915171470178013,-0.17436870820449943,-0.5562759625778302,0.872090993172329,0.0,3.8920386172492134
268,0.0,1.3718802752862174,0.7685214084363565,-0.27592894475280294,0.09817383760691017,0.0,1.8895638360557268
269,0.0,1.304720587991023,1.3036757645419597,-0.8750164617457353,0.6094137576868046,0.0,2.5279100273615254
270,1.0,1.192017502190669,-0.05118639157465554,-0.1267619901122405,1.017939690380965,0.0,2.207680097772438
271,1.0,1.0646444156045811,-1.5783098781247482,0.8184209937681008,1.153825835962176,1.0,3.126519018891261
272,0.0,0.24449691976297222,0.15213863560439106,0.5963145287653451,0.4700804531756072,1.0,2.778184224304095
273,1.0,0.7931568374730783,0.9471731686934357,-0.32938805639842084,-0.14450868596469535,0.0,1.165821243316819
274,0.0,0.34356498179082706,-1.337763755578047,0.20590037476246797,-0.08860730562544827,0.0,-0.23245492538514345
275,0.0,1.4983666026069922,1.2498884806430133,-1.2200236114585805,-1.894432375814243,0.0,-0.13434400089573992
276,1.0,-0.4448547758978528,-2.772833140698146,-1.664895349794938,-1.4482117965797086,1.0,1.932265737518167
277,0.0,0.6806276142687675,-1.6803704197455298,-0.7370400171458803,-0.28879715404099204,0.0,-0.1451606946756001
278,1.0,-0.375590685636335,-0.4728618502591819,-0.19429960741363655,-0.0892773110613212,0.0,-0.10113047869747233
279,0.0,-0.7743037933514798,-0.09772108305822924,1.8413535592315649,1.094413340997777,0.0,2.0289750452740813
280,1.0,0.8739963197538998,-0.5530358100833744,-0.5871446508098134,0.48231284990000817,0.0,0.31894067291848543
281,0.0,1.033471291743639,-2.46589404890968,0.18018754282016292,0.7811013714958925,1.0,0.3060079120488899
282,0.0,1.4450660179096468,-0.49256500033809625,-1.7957431840721079,-0.4497814172585607,1.0,-0.11221809830548023
283,0.0,0.4531254930050887,0.03922479082336655,0.3204676367027711,0.8985842141998939,1.0,3.2788424792202755
284,1.0,1.860752466081962,0.11787126365414813,0.7378415396586797,0.9573510396617816,0.0,5.883720678041152
285,1.0,0.8214380003018383,-1.3328557267678613,0.532378520255324,1.6033173617210763,1.0,3.417751087903037
286,0.0,2.159872573545039,2.5425241830815364,0.6552307780816325,0.43616938720438786,0.0,13.367327364174988
287,0.0,1.5188972400743677,0.643941783988643,0.2801717407281568,0.32947023837366424,0.0,3.3899146501672504
288,0.0,-0.3462817669237169,0.015979692926714417,-0.612883024806874,-0.027571672098139488,0.0,-0.24340965999442662
289,1.0,0.5861282976851336,-1.0966780841257495,-0.6849343349904989,0.47781696012243297,0.0,0.014344813919502486
290,1.0,-0.6634324787977777,-0.7102916828543286,0.004573004060169646,1.2087863650573847,0.0,0.14959471319779089
291,1.0,0.7360459200486927,-0.18116901827685525,0.15126756216401985,0.38218679484857754,0.0,0.9443208885072845
292,1.0,1.6309110869451149,0.6324464227957931,0.936001246863154,0.30750035517866486,1.0,8.702858395846286
293,1.0,-0.12673386848491952,0.08248290815722498,0.10244956424668329,0.6701089745616026,1.0,1.7382508892857143
294,0.0,0.22901508114352204,-0.014478905628235894,1.733619029242453,1.1011879966344695,0.0,3.986620495346097
295,0.0,-0.9237450194682773,-1.5083551446798218,-0.0917881745489112,0.8757956599059871,1.0,-0.2004442183773873
296,0.0,0.011745393811093796,0.8006696049426172,0.3688405518465978,0.8393509761007373,0.0,1.9928182392653429
297,1.0,0.903478004739822,-1.0496588156358435,-0.33137697857740084,-0.6597188059207341,0.0,-0.01899685040194493
298,0.0,0.03336544188569607,-0.5570102399119716,1.3209363662341338,0.9014725570080566,1.0,3.2291443897300955
299,1.0,-0.2904438515584761,-0.7856947273013162,-1.0278819293075196,-1.41164387200668,1.0,0.2702317272596513
300,1.0,-0.2792406739637454,-0.4127595042446228,0.3240683504203496,0.6307051087603787,1.0,1.1814361349983906
301,0.0,-0.06460942140900294,-0.3039034015249374,-0.49206451859026923,0.5648239993020352,1.0,0.43279143400276315
302,0.0,1.4855041902314057,0.029291517548827917,0.044290611881108145,-0.307322994993925,1.0,2.3624006666263027
303,1.0,1.3917173962630378,1.3634716592731664,-1.2599876382894637,-0.40044483223860705,1.0,2.436967807096817
304,0.0,-0.16622014944949126,-0.6434753311836195,0.11527276780774377,0.5863869166753491,0.0,-0.04573200268634203
305,0.0,1.3416223152336864,-2.0300196014705394,0.015003322089735989,1.832796972779105,1.0,2.219331415717578
306,1.0,2.6336732336072943,0.8598974875773204,-0.030014396573941886,0.6942400789679154,0.0,7.242913405292054
307,0.0,-0.4162001786232947,-1.8249427151438131,0.02949813799439124,0.6465400276729869,1.0,-0.1832879822945913
308,1.0,-1.259695157607352,-0.8406342345741791,-0.6370988800057913,0.42361704658628063,0.0,0.15121852996603202
309,0.0,0.08242832361146823,-0.4371776347668553,-0.3777156282515339,-0.8748389255644561,0.0,-0.2303439791163867
310,1.0,0.7626920790911401,-0.00540269263787535,-2.13377908090534,-0.7631684630469219,0.0,0.16873446216567
311,0.0,0.4864273139415276,-1.418038334935822,0.25632463150972906,1.5012418785249282,1.0,1.6893948922565478
312,1.0,-0.27536043307708513,-2.0582144489902143,-0.2954892049404856,0.4998477306628771,0.0,0.1367791395482333
313,0.0,-0.2692516424612701,-2.7550256010131804,-2.2634916190147822,-1.0785743406906185,0.0,2.013701448486628
314,0.0,0.655741691148189,-0.33960351981481085,0.24072551493171754,0.5664932025142785,0.0,0.8152637435066066
315,0.0,1.9618412240270733,-0.08548351017182107,0.9736120969181485,0.8698294096006723,0.0,5.730238001372679
316,0.0,0.7540316903515601,0.49310465768897244,-1.2229657889033423,-0.06980550479921421,0.0,-0.019940872419106987
317,1.0,1.1371595464841273,-0.15819855699289614,0.48805148378123725,0.800489066502034,0.0,2.621847466132043
318,0.0,0.19312958522462076,-0.820324477775304,1.7632707894372057,2.195879283314199,0.0,4.575627437595525
319,0.0,0.7227464732160941,-0.14626622751764345,-0.9197208001243047,0.7495026919246743,1.0,1.1297964837388883
320,0.0,1.3568270149319794,-0.16437323217469516,-0.018868863402679927,0.3614042803477734,1.0,2.8982177347178144
321,1.0,2.113836845377404,-0.27580402652657,0.3888303559538584,-0.1517187707649299,1.0,4.2839733255353
322,0.0,-1.2504774730203985,-1.9726457654547702,-1.7228327898591071,-0.38055755306301164,0.0,1.1762529045530448
323,0.0,1.2733990191090088,0.5659265766613568,1.030089186546185,0.10833187933080063,0.0,3.8561909425840364
324,1.0,1.52736755983417,1.3569936253918358,-0.4200911359991966,-0.5600388673569606,1.0,3.96105173039773
325,1.0,-1.5023852199734509,-0.2383099679193033,4.2106003791236,2.184666238749765,0.0,8.372374209547438
326,0.0,-0.8754721296390766,-0.3151888905714554,-0.513357029461419,0.33281474469211664,0.0,-0.24781804453753575
327,1.0,0.6393649571816038,1.1865152742578855,-0.4230865934324679,1.061832310723366,0.0,3.012557078262098
328,0.0,-1.1520923321062106,-2.7187729044242857,0.3082242906991857,0.6587191174718078,0.0,0.23803855277096408
329,0.0,-0.28059937213347996,-0.2884402782050992,-0.4862985257942931,0.7345499995897419,0.0,-0.12123050680312733
330,0.0,0.2264840602425886,-2.085664921452954,-0.661452140403398,-0.6459264244647965,0.0,0.24412184335106546
331,1.0,1.5954200035353288,0.49518156727417234,-0.04214981527264446,0.06491638048769965,0.0,2.3252284494451625
332,1.0,0.9631751529206121,0.06936665729517716,0.4738964501737727,1.7404496437412416,1.0,7.737289489295977
333,0.0,0.2084069439161042,-0.21397900135024078,-0.2512073599881606,0.6197662651365353,1.0,1.0776828834220533
334,0.0,0.1205884478015713,-0.33814901554121085,-1.4575404402670225,0.3677025904455357,0.0,-0.24434951349368694
335,1.0,-0.2136027805699049,-0.3027580768265449,-0.9301529581299007,-0.5391431329648929,0.0,0.01420293207008616
336,1.0,0.7414984666028382,-2.008830193538227,0.7617901926035906,1.4513728245156434,0.0,0.9680093444874801
337,0.0,0.3521335389121609,0.06146658333152333,0.3655513787490172,0.7988750407681616,1.0,3.0038701017038485
338,1.0,1.352983617644907,0.02290515910357238,1.2834606095085126,1.095201457603021,0.0,6.149057869183218
339,0.0,1.0597098148122337,0.6422215176192723,-0.10200659887034055,0.5460721682589054,1.0,4.27218664376213
340,1.0,1.0897972783938146,0.6558876922246546,-0.8265445031899297,-0.14906770376988754,0.0,0.7079101656958787
341,0.0,1.7586154435579673,0.48490799890017205,-0.40624355681751,-0.5072324767252602,0.0,1.0295581190585124
342,1.0,0.8923566309055311,-1.73789188632862,0.43352247009691286,0.735274570350518,1.0,1.3563104383389428
343,1.0,0.579143484748049,-2.2942995919744886,-0.09030101018062199,0.5373783215410697,0.0,0.026185258210415285
344,0.0,0.5154923891009989,-0.037202273776271666,-1.4108746678071182,-0.324164060969374,1.0,-0.10029590339370638
345,0.0,-0.34756561489435245,-2.570295499546165,0.6918616753347926,1.9858943955823536,0.0,-0.0943287201996467
346,1.0,2.169485571660149,0.30447377217216637,-0.00806420647445872,0.17649857201682728,0.0,3.283511240440332
347,0.0,0.6400127394995232,-0.08718587259595206,-1.8308327330214516,-2.406303114450658,0.0,0.6030464968945166
348,0.0,0.11709187035805718,0.27259851721982314,0.9642947593041811,2.260675429043509,1.0,8.649354847063277
349,0.0,2.5571165619629372,0.7100286299776566,-0.7040545674236582,-1.7151935917496135,0.0,0.5452126023137714
350,1.0,-0.23350223027052153,0.36276216736612815,0.30839211831393565,0.8955454681626003,0.0,1.224747982808341
351,1.0,0.4277159427874511,0.5398376525514288,2.242120651170942,3.102294698327318,0.0,16.02669973823036
352,1.0,0.6344569241827208,1.1687824819503603,0.18008687868879514,0.5964905999952309,0.0,3.218153784075122
353,1.0,1.6236853401698945,-0.946629124155077,0.35849747338220866,0.6381163175153219,1.0,3.4749471616206784
354,0.0,0.9385036373283686,-0.23696505444948668,-0.2385174592727349,-0.8229430605973161,1.0,0.38287194242715106
355,1.0,0.7454384706245176,-1.612996873404149,-2.4586420150627424,-1.052128852973918,0.0,1.288350779452416
356,0.0,0.1383410000370695,1.344818423785532,0.16294385401570724,1.6435644022078137,0.0,4.574865682600218
357,1.0,0.8329191091773351,-0.8757455683428055,-0.8545986721457834,-1.8126022641696369,0.0,0.35141542636005485
358,1.0,0.7262302792510731,-0.6242514536274079,-1.2919295019202248,0.46833141192511196,0.0,0.02600611619798064
359,1.0,0.18381497053305856,0.7849018428593584,0.9000716359788665,1.1276815506990732,0.0,4.1431051757101125
360,0.0,-1.2431240361631783,-0.364127790923521,-0.33000693959325644,-1.2269277205868767,0.0,0.177871862943334
361,0.0,2.2173583491562696,0.7239244466976598,0.22305158239363015,1.7027622259610302,1.0,14.039543236474413
362,1.0,0.44406740060063254,-1.036682829998059,-0.01384979197518807,-0.06324895513229378,0.0,-0.035492018257061886
363,0.0,0.8272161828372041,-0.03243613461647027,-1.066598058271106,-2.3689388494064185,1.0,-0.18950801847839815
364,0.0,0.8909980382388941,-0.4477884922412965,0.20720256207583762,-0.07169778472113664,1.0,1.344412080260768
365,0.0,1.9826108981151689,1.4294168689109503,-0.09607602151880221,0.43672034599166876,1.0,9.197204374495266
366,1.0,0.9694932936829768,-0.03989628734791456,0.5622358340321728,1.054175013457424,1.0,5.587101289056417
367,0.0,0.8012670187127016,0.20421753178960295,2.5061246971664017,2.1095545510636833,0.0,12.568002913837613
368,0.0,2.1600151237757226,2.110486968330724,1.2260036083812775,0.9358763952773083,0.0,16.865091788012872
369,1.0,1.4407999565449128,2.470421317437208,0.10604987808323822,0.8963678587114765,1.0,14.577301808235857
370,0.0,-0.07926138107555558,-1.0589318929467968,0.37432042898973983,1.7283923076449499,1.0,1.8832259166581502
371,1.0,1.75196199592103,1.2353569260755717,0.6858323607628711,0.5478028881774707,1.0,11.58357854197629
372,1.0,-0.443219376268537,0.23564510576345415,-0.8445455261579002,-2.0585477635010463,0.0,0.4817609129865985
373,0.0,-0.26827630358455734,-0.8786671401102197,-0.31080874891106913,-0.6828155959204097,0.0,-0.14364268188440998
374,0.0,-0.9250278626083166,-0.8583557392251264,0.004298437974155773,0.6612106872026614,0.0,-0.24931187759698292
375,0.0,1.8900678810102487,2.2949540381120537,0.665556693200865,2.1170311103420243,0.0,19.747944137566254
376,1.0,0.18587756783070175,-0.4335795708132618,-0.9756683473609766,0.09825880567015549,0.0,-0.07405153709491624
377,1.0,-1.2071852246583386,-0.4894523832048526,1.066805079011352,1.4581481385339927,0.0,0.8228012531998564
378,0.0,0.7663176052349363,-0.24505511683218306,0.34177282816686755,0.19436120538794738,0.0,0.7483776389293452
379,0.0,0.08729919189014496,0.7262881109012422,-0.6302780263066836,-0.5492238021307082,0.0,-0.13478875372413987
380,0.0,1.1464498108952619,-0.5303559643341973,0.2379309555955754,2.1450522402200165,1.0,6.529956176683831
381,0.0,0.1881802813359621,0.04192597425375266,1.1025701030935808,1.1664154054461586,0.0,2.832912116237285
382,1.0,1.3888816222921592,0.38520686683804967,0.34543592862945716,2.049815983291989,0.0,7.386089202942375
383,0.0,-1.5160230578822267,-0.26864987775593513,-0.8928809992243043,-0.24019550004000667,0.0,0.09928593740341007
384,1.0,-1.0359498836081882,-0.9228063162429261,-0.20477568435857582,0.8227756791632025,0.0,-0.013913656000941743
385,0.0,1.9111397550207778,0.8609910807924872,2.0446177821844675,3.513243548225546,0.0,28.11910144095675
386,0.0,0.7780507391940443,0.68072061052878,0.4202895858937057,0.9900537663084112,0.0,3.625798693798326
387,1.0,1.332409952783035,-0.7253071300824598,-0.8752931253987908,-0.04696185395208419,0.0,0.11364747988019958
388,1.0,1.0998361020098901,0.8912484197746833,-0.7651157913711114,0.05982435432869204,1.0,2.705582861767404
389,1.0,1.2373570841047812,0.9415083894863994,0.335216465200557,1.2168764271109782,0.0,6.105113197170407
390,1.0,-0.4223798499884758,1.4493933816123639,0.6064534595791928,0.26657795756889563,1.0,3.9341794539799744
391,0.0,-0.4501285866803115,0.1871164025632001,1.20664306861288,2.05083842376332,0.0,3.818777967244521
392,1.0,1.1246789836203175,-0.9261908633931053,0.003388821282293011,-0.1288728721052983,0.0,0.2314762015841282
393,1.0,0.7227711404672799,-0.9058630947494026,-0.3747447869127971,0.09230595957269822,0.0,0.03188722405615089
394,1.0,-1.064553362690157,-0.19112769651814251,-1.659610271049414,-0.04336938359711218,1.0,0.1178469231969953
395,0.0,1.727639161735488,0.6014247436926443,1.0657488581284464,1.1117369468165776,0.0,8.357366018069843
396,1.0,-0.27490826364059817,-0.18925201327899827,-1.280562016754933,0.6678244530457542,0.0,-0.0389755337818071
397,1.0,-1.1292294699420755,-1.0239812042922547,1.2412663825882773,0.40047385975664923,1.0,0.5887178209752634
398,1.0,-0.9971730049804743,-1.3877583347416937,-0.22636474817569854,0.2206955676164875,1.0,0.029805605015314374
399,1.0,1.4267838904414671,-0.11632933698246176,-0.4387666401074975,-0.27635996877585767,0.0,0.5496731638973618
400,0.0,-0.6819331422241921,-0.6980038226698251,0.3227151499166136,1.5333342691717804,0.0,0.2650425411190519
401,0.0,0.3355181421491594,-0.8815919954921798,-0.35107386101690946,0.8043829650527458,0.0,-0.03957686072668149
402,0.0,0.9259101957960874,-0.33422844486297165,0.6548405997591278,2.1553498297220264,0.0,4.820967563130033
403,0.0,-0.1578309209762645,-1.2501208907143497,-0.03281787478523312,0.09004855825477126,0.0,-0.24544926831140157
404,1.0,1.76614477435721,2.72876646651587,-0.9778239341349239,0.9056591857420324,0.0,8.098425538812492
405,0.0,2.341860850542158,-0.042957718940040746,1.6862990829915334,0.19698962174756252,1.0,10.78561288625679
406,0.0,2.9217330760360882,1.0970460063577887,0.6964562066440889,1.1622979041302108,1.0,19.401195357661493
407,1.0,0.3274769061743231,-0.21216069303570068,-1.1483148179463336,0.17359163966536095,0.0,-0.048329782469617055
408,0.0,-0.5743691744274586,1.2657026669808584,0.30789865720564774,0.7702269366502253,1.0,3.3866212196191414
409,0.0,-0.1258486913791217,-0.811306070055956,-0.20718450003742078,0.8165783463811842,0.0,-0.12334472562471666
410,0.0,0.78003875765423,-0.05532250594493959,0.05730786921016469,0.038195971269087026,0.0,0.5290254179547661
411,1.0,1.7336181676063682,1.0490259369382509,0.4071496822832616,0.4518134433535456,0.0,5.80795056287929
412,0.0,-0.9386013270421056,-1.5092174336594688,-0.00794831108404769,-0.5722413842738213,1.0,-0.15209015304625828
413,1.0,1.7358056398232256,1.1537468647156754,-2.1763520171303186,-1.8857371872406081,0.0,0.17475010537491897
414,1.0,0.5719356843035663,-1.2425562945844892,-2.034114705310745,-0.5247860016598519,0.0,0.5776702090174628
415,0.0,0.22354710236903103,-1.5679811028243473,-2.0939848992628094,-0.3400587010936277,0.0,0.549545805540836
416,1.0,-2.9946625451996125,-3.035692060949653,1.0837595341865276,0.37922079164918077,0.0,2.001826635117444
417,1.0,0.9258152952675249,-1.4462828703341013,2.092445995280816,1.3679868051439685,1.0,6.7842682353514565
418,0.0,0.7413808826282314,-0.5416075123776694,0.35498214058644045,0.4885970382770726,1.0,2.0281021529794043
419,0.0,1.1599321293361335,0.4488067037592241,-0.5595987868817495,0.7901143636926808,1.0,3.5440495290159957
420,0.0,0.8049009929738247,0.9211921169702082,-0.5489414692246634,1.0589418041072811,1.0,4.487625235460581
421,0.0,3.410297215594756,1.8517336613191382,0.23785708505840517,0.4824706821972614,0.0,13.910601136812684
422,0.0,1.0120685979045283,0.7867439825706284,2.187643377056408,0.7519091187680123,0.0,9.14624658413879
423,0.0,-0.49592192074163166,-1.1629991670399522,-1.7764152646153442,0.1270004989461504,1.0,-0.06764112612587336
424,0.0,-0.30411482587806027,-1.3362821361535118,-1.593768619730331,-0.36323240365597953,1.0,0.0107172975458103
425,0.0,0.5082348455787371,-0.20125167311578074,0.41763662258879924,0.8998117016261213,0.0,1.4081102430761196
426,1.0,0.3309246788165737,0.7691021482565354,0.7009003366405879,0.6091274346667508,0.0,2.8864468926698317
427,1.0,1.5833363882730818,-1.665003909525724,-0.9773251813660452,-0.045231124812525336,1.0,0.29152275882140893
428,0.0,-0.002698591151775842,-1.351046260118449,0.004671554652932729,0.21592815065922766,0.0,-0.24720975062645184
429,0.0,1.3116224724837893,0.35763624412665557,1.4639965222577798,1.2349073204438257,1.0,11.922285373625533
430,1.0,1.8001787138199363,1.4034957112904034,-0.4197075652591126,-1.106734537793049,1.0,3.5005570689935075
431,1.0,0.3902707109877024,-0.10572455474756831,0.1816999511755971,0.34990353679586417,0.0,0.6719183163016456
432,1.0,-0.020120176235774223,-1.751324891256501,0.6926662945579228,0.9195865024379113,0.0,0.18585253878018668
433,1.0,1.4181107961746027,1.3665231227267258,0.3693702114317872,0.4966181115179477,1.0,9.247301468604027
434,0.0,0.6139595479415062,1.1564140850565106,0.059289077013275855,0.8327368021129675,1.0,5.659704660841311
435,1.0,-0.5454482983256708,-2.1810244253674234,0.9637935772726586,1.5905918673573165,1.0,0.9199850578153944
436,0.0,0.24927885721611498,-0.6779572511338134,-0.5768053679916479,0.7688427020555182,1.0,0.4806857372911379
437,1.0,-0.5926920517201726,-1.0509290562372962,0.3255226450779068,0.7459818991205337,1.0,0.500160625580752
438,0.0,1.510692211985017,1.2903946954828744,0.4746015787375275,0.4342750635211795,0.0,5.754615454358744
439,0.0,-0.32590385971876745,-1.6689546205476504,0.867186922551709,2.449987359271276,0.0,1.0140111999420283
440,0.0,0.7312467396639198,-1.0193724896992042,-0.5396948720829399,-0.3280027793762209,0.0,-0.2507723840232988
441,0.0,-0.6585512430260647,-0.3652868754811071,-1.8272235161009092,-0.0700822197760621,1.0,-0.16497679300412982
442,1.0,1.638598106040919,0.5230067473785913,0.4637536836440343,0.6530171257737418,0.0,4.824297806064662
443,0.0,-0.8479562067986319,-0.5242236781753249,0.7512223391750804,1.3056304424109548,0.0,0.4168009313418395
444,0.0,-0.07882411356217744,-0.6578259549426632,-0.11693246191624139,0.3076928040465133,1.0,0.25103477956968206
445,1.0,-1.9023891105945534,-1.5804070969042483,-0.5524464218437198,0.4238892803471627,0.0,0.7494125952372381
446,0.0,0.704243073327169,0.32100810391713835,-0.05574172365964085,0.295355310300477,0.0,0.9674939426435527
447,1.0,-0.137666931416903,-1.605449704238599,3.693196882848338,3.8274776223713385,1.0,17.223637334184488
448,0.0,0.5679812601306339,0.5303273566904896,-0.536110042058181,0.07862445956292308,0.0,0.38416159679712725
449,0.0,-0.25507260532531917,-1.8523623980725887,1.3429429212530057,0.6633325712810577,1.0,0.6011431875134484
450,0.0,1.9788479872387725,2.2380553502829743,-1.7533701181260106,-2.4752443775773747,0.0,-0.005206630334660926
451,0.0,0.1281797089348593,-1.759368279741774,2.4474206356219677,0.15931181476420037,0.0,0.6609106907704321
452,1.0,1.7148754853476764,-0.28622946038178604,-0.41289542006286756,-1.837258497427014,0.0,0.062290399219373876
453,0.0,1.3762174623547936,-0.18873750242444035,0.3634981338927154,0.8175063803974512,0.0,2.5819908891523875
454,1.0,-0.8094184536074538,-1.3307269133497004,0.1508888988946709,0.8175548793122127,0.0,-0.008886684279249324
455,1.0,-0.440691326019211,-2.8150493332219884,-2.2761492273151203,-0.7319473621268929,1.0,2.0286879919496457
456,1.0,0.011981937560366362,-1.7777695563094673,-0.02250843836625809,0.9937581446029886,0.0,0.004081601835857346
457,1.0,0.7516097254562959,-1.2424565395603875,0.4609115256482613,1.4835351808351196,1.0,3.0674034563000077
458,1.0,1.0135400422245033,-0.7088266526121048,-0.7727535875756746,0.6770037299503348,0.0,0.3452430719307656
459,1.0,-0.17658059927985525,-0.06478982452260562,1.355713494546056,0.9427580740053993,1.0,4.28835185928029
460,0.0,0.3665675907878243,0.2853927998365053,2.1461965155987146,1.5365401328786452,0.0,7.618554485170275
461,1.0,0.3970286797175967,-0.09335429156933245,1.4153513402177937,0.5006670106009197,0.0,2.523183759426822
462,0.0,0.89916213890857,0.5181567565843488,-1.0033184588447162,-0.38730029964729995,0.0,0.012100720203782434
463,0.0,0.40861799539859295,-0.5629763143620218,4.034090858282936,1.9972057741917442,0.0,12.905194910184335
464,1.0,0.5085809428433459,0.13698460488189368,-0.717643820001239,0.028738154875400546,0.0,0.14328646332557
465,1.0,1.6387129951153099,-0.2651105205131608,0.2783503809081546,0.15048642975417342,1.0,3.686410779734266
466,1.0,0.3501632747348771,-0.07056635004920209,2.2914028059194607,3.0280402171256773,0.0,12.481097805655764
467,1.0,0.5804885256881747,-0.9758853782910011,0.4992647728790203,1.0143103453509492,0.0,1.047248266142459
468,1.0,0.20654168231822445,-0.9360788018031869,0.557232343942947,1.5639922218491424,1.0,2.9089465598995865
469,0.0,0.1330511742343906,-1.1723876866430323,1.2452015518697017,2.1828098608680717,1.0,4.77732711470022
470,1.0,1.1268435504950909,0.32175784283417647,1.1970739767288554,2.058008029328968,1.0,13.732515880546455
471,1.0,1.3818990380165161,0.10672821722239006,-0.04515249536895545,-0.29621451215514705,0.0,1.0176121754051939
472,0.0,-1.193636673178456,-0.6492246635922233,0.2453314175911281,0.3343970042151061,0.0,-0.24813515560343002
473,0.0,-0.39018060024782775,-0.6875742029622427,-0.5767106310869548,0.8026944130704523,0.0,-0.23241922680672086
474,1.0,-0.7074442260131633,-1.6149090819122396,-1.001459661983564,1.293865286361921,0.0,0.15407368148256473
475,0.0,0.7124205321016143,-0.781821557691936,2.3908743155948384,3.146007171348495,0.0,11.428217300028109
476,1.0,0.520794291419378,0.042066845622945104,0.04979223676103859,0.8190128165835404,0.0,1.3257299775241504
477,1.0,0.4756546533586635,0.009425238144067927,0.39604770238104126,2.091009351578163,0.0,4.0168167299044
478,1.0,0.8854975640874957,0.07202985993210997,-1.2207396565444615,-3.4271245195311644,1.0,0.6270210191957949
479,0.0,-0.8643740928046395,-1.5221936759093164,0.3134031856288565,0.5982542898889843,0.0,-0.2318301642585736
480,1.0,0.7778694985358968,0.2968495406703589,-0.8482267433347421,-0.5455180504814964,0.0,0.08980127310428343
481,1.0,2.3964782488513947,-0.002586050291167208,-0.2570930702038312,0.8053958531930141,0.0,3.926765158816134
482,0.0,1.1784800257178034,0.1018352259669541,0.9901280688748729,1.5499827588700887,0.0,6.074232380163489
483,0.0,2.1685266890343557,0.2577603363266761,0.470103068310834,1.4319018681690938,1.0,11.562950736634413
484,0.0,-0.08772495446911133,-2.2687542486561467,-0.05114884160035283,0.3186017055483879,1.0,-0.23572171063216818
485,1.0,1.5366444338631184,0.7648635483219128,0.1303634493986553,0.1192806056024403,1.0,5.567733032843678
486,0.0,-0.7104722013684259,-1.2558267558897869,-0.7285721050210737,0.7847284527214657,0.0,-0.18086399516799767
487,1.0,0.600703599585882,-1.1502191995061104,-0.003079484737653202,1.0088917356209408,0.0,0.476381904450322
488,1.0,0.6925930493651464,-0.5332878843360982,0.1593685100791833,1.2677774018549024,1.0,3.267446080929557
489,0.0,-0.3443195199004878,-0.2146705992699825,0.21594885162623342,-0.8522215586077947,0.0,-0.2516214834355592
490,1.0,0.30962981790073796,-0.3227032553473475,-0.1543447525553295,-0.3262026632627967,1.0,0.4807767700238532
491,1.0,1.2175530265077312,0.24686399565625844,-0.7241384736958495,-0.2812376178008613,1.0,1.4447595685400454
492,1.0,0.42054021536262504,-0.837057675266929,-0.6289782426014824,0.3418571743842462,0.0,-0.011476088002959725
493,1.0,-1.4730973592558734,-0.2604623757571926,-0.0583365443066128,0.4760089167520227,0.0,-0.04262419459571187
494,0.0,0.3731359304697621,-0.2172921335952316,-1.1589478107467326,-1.217712584955068,0.0,-0.10857191064639915
495,0.0,0.33589060215865313,0.5608248014813535,1.2862370011169764,1.4008806583004711,0.0,5.400256828193359
496,0.0,1.5430895393456245,0.3996594198413919,0.9625621697242919,1.2862488382022064,0.0,7.264017979686579
497,0.0,1.1822944356401182,0.5976063970839796,1.4192122664746987,2.2952223897959483,0.0,12.242645404395448
498,1.0,-0.07768584105631493,-0.5701169590156404,0.403950684880066,1.1499311628561883,0.0,0.8020043698476736
499,1.0,2.3567467960401816,0.6351094069690222,-0.2631245944088184,0.49107912588268643,1.0,7.539901436472917
